<?xml version="1.0" encoding="UTF-8"?>
<BuildType><Version>6.3</Version><OperatingSystem>Linux</OperatingSystem><Name>Copy</Name><TaskType></TaskType><Description>Copies dependencies to location(s) defined using the &quot;todir=&quot; parameter.  Multiple Option Groups may also be defined for groups of dependencies that need to copy to other &quot;todir=&quot; locations.  The Target created in the build directory is a .copy text file containing log information.</Description><FinalTargetExt>.copy</FinalTargetExt><BuildTasks><Name>Copy Dependencies</Name><Description>Define all dependencies for this task that need to be copied as part of the build.  You must define the &quot;todir=&quot; parameter to the location you will copy to.</Description><OptionGroups><GroupName>Build Task Options</GroupName><Type>1</Type><Options><Flag>todir=</Flag><Type>91</Type><Parameter>.</Parameter><Description></Description></Options></OptionGroups><OptionGroups><GroupName>Custom Copy Group</GroupName><Type>1</Type><Description>Define the &quot;todir=&quot; option and parameter for this group and all of its dependencies will copy to that location, rather than the parent tasks.</Description></OptionGroups></BuildTasks><Rules><ParentBuildTask>Copy Dependencies</ParentBuildTask><TargetExt>.copy</TargetExt><SourceExts>.txt .log .ear .war .jar .xml .xmi .sh .*</SourceExts><NameFrom>Final Target</NameFrom><CompilerName>Copy.sc</CompilerName><Makefile>Windows</Makefile><ToDir>Intermediate</ToDir><OptionGroup><GroupName>Rule Options</GroupName><Type>2</Type></OptionGroup></Rules></BuildType>