<?xml version="1.0" encoding="UTF-8"?>
<BuildType><Version>6.3</Version><OperatingSystem>Linux</OperatingSystem><Name>Informix Object</Name><TaskType></TaskType><Description>Creates an object target from Informix or C code using the c4gl compiler. </Description><FinalTargetExt>.o</FinalTargetExt><BuildTasks><Name>Compile</Name><Description>The Compile Build Task converts Informix or C source code to .o object files by calling the c4gl compiler.</Description><OptionGroups><GroupName>Build Task Options</GroupName><Type>1</Type></OptionGroups></BuildTasks><Rules><ParentBuildTask>Compile</ParentBuildTask><TargetExt>.o</TargetExt><SourceExts>.ec</SourceExts><NameFrom>.ec</NameFrom><CompilerName>Informix Compiler.sc</CompilerName><Makefile>Linux</Makefile><ToDir>Intermediate</ToDir><OptionGroup><GroupName>Rule Options</GroupName><Type>2</Type><Options><Flag>c4gl</Flag><Type>153</Type><Description></Description></Options><Options><Flag>$(C4GLFLAGS)</Flag><Type>153</Type><Description></Description></Options></OptionGroup></Rules><Rules><ParentBuildTask>Compile</ParentBuildTask><TargetExt>.o</TargetExt><SourceExts>.4gl</SourceExts><NameFrom>.4gl</NameFrom><CompilerName>Informix Compiler.sc</CompilerName><Makefile>Linux</Makefile><ToDir>Intermediate</ToDir><OptionGroup><GroupName>Rule Options</GroupName><Type>2</Type><Options><Flag>c4gl</Flag><Type>25</Type></Options><Options><Flag>$(C4GLFLAGS)</Flag><Type>25</Type></Options></OptionGroup></Rules><Rules><ParentBuildTask>Compile</ParentBuildTask><TargetExt>.o</TargetExt><SourceExts>.c</SourceExts><NameFrom>.c</NameFrom><CompilerName>Informix Compiler.sc</CompilerName><Makefile>Linux</Makefile><ToDir>Intermediate</ToDir><OptionGroup><GroupName>Rule Options</GroupName><Type>2</Type><Options><Flag>c4gl</Flag><Type>25</Type></Options><Options><Flag>$(C4GLFLAGS)</Flag><Type>25</Type></Options></OptionGroup></Rules></BuildType>