<?xml version="1.0" encoding="UTF-8"?>
<BuildType><Version>6.3</Version><OperatingSystem>Linux</OperatingSystem><Name>Informix 4ge Executable</Name><TaskType></TaskType><Description>Final Results Extension: .4ge Creates an executable target from Informix and c code using the c4gl compiler. It is broken into two tasks; Compile and Link. The Compile Build Task converts source code to .o object files. The Link Task links .o object files and .a archive libraries to create the Final Target executable.</Description><FinalTargetExt>.4ge</FinalTargetExt><BuildTasks><Name>Compile</Name><Description>The Compile Build Task converts source code to .o object files by calling the c4gl compiler.</Description><OptionGroups><GroupName>Build Task Options</GroupName><Type>1</Type></OptionGroups></BuildTasks><BuildTasks><Name>Link</Name><Description>The Link task links .o object files and libraries together to create the Final Target Executable.</Description><OptionGroups><GroupName>Build Task Options</GroupName><Type>1</Type></OptionGroups></BuildTasks><Rules><ParentBuildTask>Compile</ParentBuildTask><TargetExt>.o</TargetExt><SourceExts>.c</SourceExts><NameFrom>.c</NameFrom><CompilerName>Informix Compiler.sc</CompilerName><Makefile>Linux</Makefile><ToDir>Intermediate</ToDir><OptionGroup><GroupName>Rule Options</GroupName><Type>2</Type><Options><Flag>c4gl</Flag><Type>25</Type></Options><Options><Flag>$(C4GLFLAGS)</Flag><Type>25</Type></Options></OptionGroup></Rules><Rules><ParentBuildTask>Compile</ParentBuildTask><TargetExt>.o</TargetExt><SourceExts>.ec</SourceExts><NameFrom>.ec</NameFrom><CompilerName>Informix Compiler.sc</CompilerName><Makefile>Linux</Makefile><ToDir>Intermediate</ToDir><OptionGroup><GroupName>Rule Options</GroupName><Type>2</Type><Options><Flag>c4gl</Flag><Type>153</Type><Description></Description></Options><Options><Flag>$(C4GLFLAGS)</Flag><Type>153</Type><Description></Description></Options></OptionGroup></Rules><Rules><ParentBuildTask>Compile</ParentBuildTask><TargetExt>.o</TargetExt><SourceExts>.4gl</SourceExts><NameFrom>.4gl</NameFrom><CompilerName>Informix Compiler.sc</CompilerName><Makefile>Linux</Makefile><ToDir>Intermediate</ToDir><OptionGroup><GroupName>Rule Options</GroupName><Type>2</Type><Options><Flag>c4gl</Flag><Type>25</Type></Options><Options><Flag>$(C4GLFLAGS)</Flag><Type>25</Type></Options></OptionGroup></Rules><Rules><ParentBuildTask>Link</ParentBuildTask><TargetExt>.4ge</TargetExt><SourceExts>.o .a .so</SourceExts><NameFrom>Final Target</NameFrom><CompilerName>Informix Linker.sc</CompilerName><Makefile>Linux</Makefile><ToDir>Final Target</ToDir><OptionGroup><GroupName>Rule Options</GroupName><Type>2</Type><Options><Flag>c4gl</Flag><Type>25</Type></Options><Options><Flag>$(C4GLFLAGS)</Flag><Type>153</Type><Description></Description></Options></OptionGroup></Rules></BuildType>