<?xml version="1.0" encoding="UTF-8"?>
<BuildType><Version>6.3</Version><OperatingSystem>Linux</OperatingSystem><Name>Informix Shared Library</Name><Description>Final Results Extension: .so Creates a standard shared library using the gcc program.</Description><FinalTargetExt>.so</FinalTargetExt><BuildTasks><Name>Compile</Name><Description>The gcc program is used to compile C and C++ code into objects with Position Independent Code (PIC).  PIC format objects are always used with shared libraries on Linux.</Description><OptionGroups><GroupName>Build Task Options</GroupName><Type>1</Type></OptionGroups></BuildTasks><BuildTasks><Name>Link</Name><Description>gcc is used to create the shared library from objects created in the Compile Build Task.</Description><OptionGroups><GroupName>Build Task Options</GroupName><Type>1</Type></OptionGroups></BuildTasks><Rules><ParentBuildTask>Compile</ParentBuildTask><TargetExt>.o</TargetExt><SourceExts>.c</SourceExts><NameFrom>Final Target</NameFrom><CompilerName>Informix Compiler.sc</CompilerName><Makefile>Linux</Makefile><ToDir>Intermediate</ToDir><OptionGroup><GroupName>Rule Options</GroupName><Type>2</Type><Options><Flag>$(BLD_OPTIONS_A)</Flag><Type>25</Type></Options></OptionGroup></Rules><Rules><ParentBuildTask>Compile</ParentBuildTask><TargetExt>.o</TargetExt><SourceExts>.4gl</SourceExts><NameFrom>.4gl</NameFrom><CompilerName>Informix Compiler.sc</CompilerName><Makefile>Linux</Makefile><ToDir>Intermediate</ToDir><OptionGroup><GroupName>Rule Options</GroupName><Type>2</Type><Options><Flag>-DLINUX -DUNIX -D_LINUX -shared -globcurs</Flag><Type>25</Type><Parameter></Parameter><Description></Description></Options></OptionGroup></Rules><Rules><ParentBuildTask>Compile</ParentBuildTask><TargetExt>.o</TargetExt><SourceExts>.ec</SourceExts><NameFrom>.ec</NameFrom><CompilerName>Informix Compiler.sc</CompilerName><Makefile>Linux</Makefile><ToDir>Intermediate</ToDir><OptionGroup><GroupName>Rule Options</GroupName><Type>2</Type></OptionGroup></Rules><Rules><ParentBuildTask>Link</ParentBuildTask><TargetExt>.so</TargetExt><SourceExts>.a .o .so</SourceExts><NameFrom>Final Target</NameFrom><CompilerName>Informix Linker.sc</CompilerName><Makefile>Linux</Makefile><ToDir>Final Target</ToDir><OptionGroup><GroupName>Rule Options</GroupName><Type>2</Type><Options><Flag>$(BLD_OPTIONS_C)</Flag><Type>25</Type></Options><Options><Flag>gcc</Flag><Type>25</Type><Parameter></Parameter><Description></Description></Options></OptionGroup></Rules></BuildType>