<?xml version="1.0"?>
<BuildType><Version>6.3</Version><OperatingSystem>Linux</OperatingSystem><Name>Oracle Forms</Name><TaskType></TaskType><Description>The Oracle forms compiler, ifcmp60 on Windows and f60gen for other OS's, is used to create form objects from .fmb files.</Description><FinalTargetExt>.fmx</FinalTargetExt><BuildTasks><Name>Compile</Name><Description>The Oracle forms compiler, ifcmp60 on Windows and f60gen for other OS's, is used to create form objects from .fmb files.</Description><OptionGroups><GroupName>Build Task Options</GroupName><Type>1</Type></OptionGroups></BuildTasks><Rules><ParentBuildTask>Compile</ParentBuildTask><TargetExt>.fmx</TargetExt><SourceExts>.fmb</SourceExts><NameFrom>Final Target</NameFrom><CompilerName>Oracle Forms Compiler.sc</CompilerName><Makefile>Linux</Makefile><ToDir>Final Target</ToDir><OptionGroup><GroupName>Rule Options</GroupName><Type>2</Type><Options><Flag>MODULE_TYPE=FORM</Flag><Type>25</Type></Options><Options><Flag>STATISTICS=NO</Flag><Type>25</Type></Options><Options><Flag>BATCH=YES</Flag><Type>25</Type></Options><Options><Flag>Window_State=minimize</Flag><Type>25</Type></Options><Options><Flag>$(BLD_OPTIONS_B)</Flag><Type>25</Type></Options></OptionGroup></Rules></BuildType>