<?xml version="1.0" encoding="UTF-8"?>

<project name="cobertura" default="cleanbuild">
	
	<property name="src.dir" value="${src}"/>
	<property name="cobertura.lib.dir" value="${toolDir}/lib"/>
	<property name="instrumented.dir" value="${wd}/instrumented"/>
	<property name="reports.dir" value="${wd}/reports"/>
	<property name="reports.html.dir" value="${reports.dir}/junit-html"/>
	<property name="reports.xml.dir" value="${reports.dir}/junit-xml"/>
	<property name="coverage.html.dir" value="${reports.dir}/html"/>
	<property name="coverage.summaryxml.dir" value="${reports.dir}/cobertura-summary-xml"/>
	<property name="coverage.xml.dir" value="${reports.dir}/cobertura-xml"/>
	<property name="ant.project.name" value="cobertura"/>
	
	<path id="cobertura.classpath">
		<fileset dir="${cobertura.lib.dir}">
			<include name="cobertura.jar" />
			<include name="**/*.jar" />
		</fileset>
	</path>

	<taskdef classpathref="cobertura.classpath" resource="tasks.properties"/>

	<target name="init">
		<mkdir dir="${reports.xml.dir}" />
		<mkdir dir="${reports.html.dir}" />
		<mkdir dir="${coverage.xml.dir}" />
		<mkdir dir="${coverage.summaryxml.dir}" />
		<mkdir dir="${coverage.html.dir}" />
	</target>


	<target name="instrument" depends="init">
		<!--
			Remove the coverage data file and any old instrumentation.
		-->
		<delete file="cobertura.ser"/>
		<delete dir="${instrumented.dir}" />

		<!--
			Instrument the application classes, writing the
			instrumented classes into ${build.instrumented.dir}.
		-->
		<cobertura-instrument todir="${instrumented.dir}">
			<!--
				The following line causes instrument to ignore any
				source line containing a reference to log4j, for the
				purposes of coverage reporting.
			-->
			<ignore regex="org.apache.log4j.*" />

			<fileset dir="${classes.dir}">
				<!--
					Instrument all the application classes, but
					don't instrument the test classes.
				-->
				<include name="**/*.class" />
				<exclude name="**/*Test.class" />
			</fileset>
		</cobertura-instrument>
	</target>

	<target name="test" depends="init">
		<junit fork="yes" dir="${basedir}" failureProperty="test.failed">
			<!--
				Note the classpath order: instrumented classes are before the
				original (uninstrumented) classes.  This is important.
			-->
			<classpath location="${instrumented.dir}" />
			<classpath location="${classes.dir}" />

			<!--
				The instrumented classes reference classes used by the
				Cobertura runtime, so Cobertura and its dependencies
				must be on your classpath.
			-->
			<classpath refid="cobertura.classpath" />

			<formatter type="xml" />
			<test name="${testcase}" todir="${reports.xml.dir}" if="testcase" />
			<batchtest todir="${reports.xml.dir}" unless="testcase">
				<fileset dir="${src.dir}">
					<include name="**/*Test.java" />
				</fileset>
			</batchtest>
		</junit>

		<junitreport todir="${reports.xml.dir}">
			<fileset dir="${reports.xml.dir}">
				<include name="TEST-*.xml" />
			</fileset>
			<report format="noframes" todir="${reports.html.dir}" />
		</junitreport>
	</target>

	<target name="coverage-report">
		<!--
			Generate an XML file containing the coverage data using
			the "srcdir" attribute.
		-->
		<cobertura-report srcdir="${src.dir}" destdir="${coverage.xml.dir}" format="xml" />
	</target>

	<target name="summary-coverage-report">
		<!--
			Generate an summary XML file containing the coverage data using
			the "srcdir" attribute.
		-->
		<cobertura-report srcdir="${src.dir}" destdir="${coverage.summaryxml.dir}" format="summaryXml" />
	</target>

	<target name="alternate-coverage-report">
		<!--
			Generate a series of HTML files containing the coverage
			data in a user-readable form using nested source filesets.
		-->
		<cobertura-report destdir="${coverage.html.dir}">
			<fileset dir="${src.dir}">
				_INCLUDE_
															   
		  		_EXCLUDE_
			</fileset>
		</cobertura-report>
	</target>

	<target name="clean" description="Remove all files created by the build/test process.">
		<delete dir="${reports.dir}" />
		<delete file="cobertura.log" />
		<delete file="cobertura.ser" />
	</target>

	<target name="cleanbuild" depends="instrument,test,coverage-report,summary-coverage-report,alternate-coverage-report" description="Compile, instrument ourself, run the tests and generate JUnit and coverage reports."/>

</project>
