<?xml version="1.0" encoding="UTF-8"?>
<ActivityDescriptor><Name>Build and Static Analysis</Name><Adapter>Workflow Service</Adapter><DefaultLabel>Build and Static Analysis for $(JOB_NAME)</DefaultLabel><Command>java -cp &quot;$(OPENMAKE_HOME)/client/bin/omcmdline.jar&quot; com.openmake.cmdline.Main -BUILD &quot;workflow services/Build and Static Analysis&quot;[INCLUDED_BUILDDIR=&quot;$(BUILD_DIRECTORY)&quot;,PROJECT=&quot;'PROJECT'&quot;,DEPENDENCY_DIRECTORY=&quot;'DEPENDENCY_DIRECTORY'&quot;,TARGETS=&quot;'TARGETS'&quot;,BLDMAKE_OPTIONS=&quot;'BLDMAKE_OPTIONS'&quot;,OM_OPTIONS=&quot;'OM_OPTIONS'&quot;,VARIABLES=&quot;'VARIABLES'&quot;,JUNIT_SOURCE_DIRECTORY=&quot;'JUNIT_SOURCE_DIRECTORY'&quot;,JUNIT_CLASSPATH=&quot;'JUNIT_CLASSPATH'&quot;,JUNIT_INCLUDE_FILTER=&quot;'JUNIT_INCLUDE_FILTER'&quot;,JUNIT_EXCLUDE_FILTER=&quot;'JUNIT_EXCLUDE_FILTER'&quot;,PMD_SOURCE_DIRECTORY=&quot;'PMD_SOURCE_DIRECTORY'&quot;,PMD_INCLUDE_FILTER=&quot;'PMD_INCLUDE_FILTER'&quot;,PMD_EXCLUDE_FILTER=&quot;'PMD_EXCLUDE_FILTER'&quot;,FINDBUGS_CLASSPATH=&quot;'FINDBUGS_CLASSPATH'&quot;,DOXYGEN_SOURCE_DIRECTORY=&quot;'DOXYGEN_SOURCE_DIRECTORY'&quot;,CHECK_STYLE_SOURCE_DIRECTORY=&quot;'CHECK_STYLE_SOURCE_DIRECTORY'&quot;,CHECK_STYLE_INCLUDE_FILTER=&quot;'CHECK_STYLE_INCLUDE_FILTER'&quot;,CHECK_STYLE_EXCLUDE_FILTER=&quot;'CHECK_STYLE_EXCLUDE_FILTER'&quot;]</Command><DefaultView>2</DefaultView><GUIComponents><type>2</type><label> Project:</label><replacePattern>'PROJECT'</replacePattern><editable>true</editable><required>false</required><value>$(PROJECT)</value></GUIComponents><GUIComponents><type>2</type><label> Dependency Directory:</label><replacePattern>'DEPENDENCY_DIRECTORY'</replacePattern><editable>true</editable><required>false</required><value>$(DEPENDENCY_DIRECTORY)</value></GUIComponents><GUIComponents><type>2</type><label> Targets:</label><replacePattern>'TARGETS'</replacePattern><editable>true</editable><required>false</required><value>$(TARGETS)</value></GUIComponents><GUIComponents><type>2</type><label> Bldmake Options:</label><replacePattern>'BLDMAKE_OPTIONS'</replacePattern><editable>true</editable><required>false</required><value>$(BLDMAKE_OPTIONS)</value></GUIComponents><GUIComponents><type>2</type><label> Om Options:</label><replacePattern>'OM_OPTIONS'</replacePattern><editable>true</editable><required>false</required><value>$(OM_OPTIONS)</value></GUIComponents><GUIComponents><type>2</type><label> Variables:</label><replacePattern>'VARIABLES'</replacePattern><editable>true</editable><required>false</required><value>$(VARIABLES)</value></GUIComponents><GUIComponents><type>2</type><label> Junit Source Directory:</label><replacePattern>'JUNIT_SOURCE_DIRECTORY'</replacePattern><editable>true</editable><required>false</required><value>$(JUNIT_SOURCE_DIRECTORY)</value></GUIComponents><GUIComponents><type>2</type><label> Junit Classpath:</label><replacePattern>'JUNIT_CLASSPATH'</replacePattern><editable>true</editable><required>false</required><value>$(JUNIT_CLASSPATH)</value></GUIComponents><GUIComponents><type>2</type><label> Junit Include Filter:</label><replacePattern>'JUNIT_INCLUDE_FILTER'</replacePattern><editable>true</editable><required>false</required><value>$(JUNIT_INCLUDE_FILTER)</value></GUIComponents><GUIComponents><type>2</type><label> Junit Exclude Filter:</label><replacePattern>'JUNIT_EXCLUDE_FILTER'</replacePattern><editable>true</editable><required>false</required><value>$(JUNIT_EXCLUDE_FILTER)</value></GUIComponents><GUIComponents><type>2</type><label> Pmd Source Directory:</label><replacePattern>'PMD_SOURCE_DIRECTORY'</replacePattern><editable>true</editable><required>false</required><value>$(PMD_SOURCE_DIRECTORY)</value></GUIComponents><GUIComponents><type>2</type><label> Pmd Include Filter:</label><replacePattern>'PMD_INCLUDE_FILTER'</replacePattern><editable>true</editable><required>false</required><value>$(PMD_INCLUDE_FILTER)</value></GUIComponents><GUIComponents><type>2</type><label> Pmd Exclude Filter:</label><replacePattern>'PMD_EXCLUDE_FILTER'</replacePattern><editable>true</editable><required>false</required><value>$(PMD_EXCLUDE_FILTER)</value></GUIComponents><GUIComponents><type>2</type><label> Findbugs Classpath:</label><replacePattern>'FINDBUGS_CLASSPATH'</replacePattern><editable>true</editable><required>false</required><value>$(FINDBUGS_CLASSPATH)</value></GUIComponents><GUIComponents><type>2</type><label> Doxygen Source Directory:</label><replacePattern>'DOXYGEN_SOURCE_DIRECTORY'</replacePattern><editable>true</editable><required>false</required><value>$(DOXYGEN_SOURCE_DIRECTORY)</value></GUIComponents><GUIComponents><type>2</type><label> Check Style Source Directory:</label><replacePattern>'CHECK_STYLE_SOURCE_DIRECTORY'</replacePattern><editable>true</editable><required>false</required><value>$(CHECK_STYLE_SOURCE_DIRECTORY)</value></GUIComponents><GUIComponents><type>2</type><label> Check Style Include Filter:</label><replacePattern>'CHECK_STYLE_INCLUDE_FILTER'</replacePattern><editable>true</editable><required>false</required><value>$(CHECK_STYLE_INCLUDE_FILTER)</value></GUIComponents><GUIComponents><type>2</type><label> Check Style Exclude Filter:</label><replacePattern>'CHECK_STYLE_EXCLUDE_FILTER'</replacePattern><editable>true</editable><required>false</required><value>$(CHECK_STYLE_EXCLUDE_FILTER)</value></GUIComponents></ActivityDescriptor>