<?xml version="1.0" encoding="UTF-8"?>
<ActivityDescriptor><Name>Build and PMD analysis</Name><Adapter>Workflow Service</Adapter><DefaultLabel>Build and PMD analysis for $(JOB_NAME)</DefaultLabel><Command>java -cp &quot;$(OPENMAKE_HOME)/client/bin/omcmdline.jar&quot; com.openmake.cmdline.Main -BUILD &quot;workflow services/Build and PMD analysis&quot;[INCLUDED_BUILDDIR=&quot;$(BUILD_DIRECTORY)&quot;,PROJECT=&quot;'PROJECT'&quot;,DEPENDENCY_DIRECTORY=&quot;'DEPENDENCY_DIRECTORY'&quot;,TARGETS=&quot;'TARGETS'&quot;,BLDMAKE_OPTIONS=&quot;'BLDMAKE_OPTIONS'&quot;,OM_OPTIONS=&quot;'OM_OPTIONS'&quot;,VARIABLES=&quot;'VARIABLES'&quot;,PMD_SOURCE_DIRECTORY=&quot;'PMD_SOURCE_DIRECTORY'&quot;,PMD_INCLUDE_FILTER=&quot;'PMD_INCLUDE_FILTER'&quot;,PMD_EXCLUDE_FILTER=&quot;'PMD_EXCLUDE_FILTER'&quot;]</Command><DefaultView>2</DefaultView><GUIComponents><type>2</type><label> Project:</label><replacePattern>'PROJECT'</replacePattern><editable>true</editable><required>false</required><value>$(PROJECT)</value></GUIComponents><GUIComponents><type>2</type><label> Dependency Directory:</label><replacePattern>'DEPENDENCY_DIRECTORY'</replacePattern><editable>true</editable><required>false</required><value>$(DEPENDENCY_DIRECTORY)</value></GUIComponents><GUIComponents><type>2</type><label> Targets:</label><replacePattern>'TARGETS'</replacePattern><editable>true</editable><required>false</required><value>$(TARGETS)</value></GUIComponents><GUIComponents><type>2</type><label> Bldmake Options:</label><replacePattern>'BLDMAKE_OPTIONS'</replacePattern><editable>true</editable><required>false</required><value>$(BLDMAKE_OPTIONS)</value></GUIComponents><GUIComponents><type>2</type><label> Om Options:</label><replacePattern>'OM_OPTIONS'</replacePattern><editable>true</editable><required>false</required><value>$(OM_OPTIONS)</value></GUIComponents><GUIComponents><type>2</type><label> Variables:</label><replacePattern>'VARIABLES'</replacePattern><editable>true</editable><required>false</required><value>$(VARIABLES)</value></GUIComponents><GUIComponents><type>2</type><label> Pmd Source Directory:</label><replacePattern>'PMD_SOURCE_DIRECTORY'</replacePattern><editable>true</editable><required>false</required><value>$(PMD_SOURCE_DIRECTORY)</value></GUIComponents><GUIComponents><type>2</type><label> Pmd Include Filter:</label><replacePattern>'PMD_INCLUDE_FILTER'</replacePattern><editable>true</editable><required>false</required><value>$(PMD_INCLUDE_FILTER)</value></GUIComponents><GUIComponents><type>2</type><label> Pmd Exclude Filter:</label><replacePattern>'PMD_EXCLUDE_FILTER'</replacePattern><editable>true</editable><required>false</required><value>$(PMD_EXCLUDE_FILTER)</value></GUIComponents></ActivityDescriptor>