<?xml version="1.0" encoding="UTF-8"?>
<ActivityDescriptor><Name>Checkout from SVN and Build</Name><Adapter>Workflow Service</Adapter><DefaultLabel>Checkout from SVN and Build for $(JOB_NAME)</DefaultLabel><Command>java -cp &quot;$(OPENMAKE_HOME)/client/bin/omcmdline.jar&quot; com.openmake.cmdline.Main -BUILD &quot;workflow services/Checkout from SVN and Build&quot;[INCLUDED_BUILDIR=&quot;$(BUILD_DIRECTORY)&quot;,SUBVERSION_URL=&quot;'SUBVERSION_URL'&quot;,INCLUDED_BUILDDIR=&quot;'INCLUDED_BUILDDIR'&quot;,MEISTER_PROJECT=&quot;'MEISTER_PROJECT'&quot;,MEISTER_DEPENDENCY_DIRECTORY=&quot;'MEISTER_DEPENDENCY_DIRECTORY'&quot;,MEISTER_TARGETS=&quot;'MEISTER_TARGETS'&quot;,BLDMAKE_OPTIONS=&quot;'BLDMAKE_OPTIONS'&quot;,AUDIT_REPORT_NAME=&quot;'AUDIT_REPORT_NAME'&quot;,OM_OPTIONS=&quot;'OM_OPTIONS'&quot;,TARGETS=&quot;'TARGETS'&quot;,OM_VARIABLES=&quot;'OM_VARIABLES'&quot;]</Command><DefaultView>2</DefaultView><GUIComponents><type>2</type><label> Subversion Url:</label><replacePattern>'SUBVERSION_URL'</replacePattern><editable>true</editable><required>false</required><value>$(SUBVERSION_URL)</value></GUIComponents><GUIComponents><type>2</type><label> Included Builddir:</label><replacePattern>'INCLUDED_BUILDDIR'</replacePattern><editable>true</editable><required>false</required><value>$(INCLUDED_BUILDDIR)</value></GUIComponents><GUIComponents><type>2</type><label> Meister Project:</label><replacePattern>'MEISTER_PROJECT'</replacePattern><editable>true</editable><required>false</required><value>$(MEISTER_PROJECT)</value></GUIComponents><GUIComponents><type>2</type><label> Meister Dependency Directory:</label><replacePattern>'MEISTER_DEPENDENCY_DIRECTORY'</replacePattern><editable>true</editable><required>false</required><value>$(MEISTER_DEPENDENCY_DIRECTORY)</value></GUIComponents><GUIComponents><type>2</type><label> Meister Targets:</label><replacePattern>'MEISTER_TARGETS'</replacePattern><editable>true</editable><required>false</required><value>$(MEISTER_TARGETS)</value></GUIComponents><GUIComponents><type>2</type><label> Bldmake Options:</label><replacePattern>'BLDMAKE_OPTIONS'</replacePattern><editable>true</editable><required>false</required><value>$(BLDMAKE_OPTIONS)</value></GUIComponents><GUIComponents><type>2</type><label> Audit Report Name:</label><replacePattern>'AUDIT_REPORT_NAME'</replacePattern><editable>true</editable><required>false</required><value>$(AUDIT_REPORT_NAME)</value></GUIComponents><GUIComponents><type>2</type><label> Om Options:</label><replacePattern>'OM_OPTIONS'</replacePattern><editable>true</editable><required>false</required><value>$(OM_OPTIONS)</value></GUIComponents><GUIComponents><type>2</type><label> Targets:</label><replacePattern>'TARGETS'</replacePattern><editable>true</editable><required>false</required><value>$(TARGETS)</value></GUIComponents><GUIComponents><type>2</type><label> Om Variables:</label><replacePattern>'OM_VARIABLES'</replacePattern><editable>true</editable><required>false</required><value>$(OM_VARIABLES)</value></GUIComponents></ActivityDescriptor>