<?xml version="1.0" encoding="UTF-8"?>
<ActivityDescriptor>
	<Name>Checkout from TFS</Name>
	<Adapter>Microsoft</Adapter>
	<DefaultLabel>Checkout from TFS for $(JOB_NAME)</DefaultLabel>
	<Command>tf checkout 'lock' 'recursive' 'encoding' 'itemspec'</Command>
	<DefaultView>2</DefaultView>
	<GUIComponents>
		<type>2</type>
		<label>Item Spec:</label>
		<replacePattern>'itemspec'</replacePattern>
		<editable>true</editable>
		<required>false</required>
		<value></value>
	</GUIComponents>
	<GUIComponents>
		<type>2</type>
		<label>Lock:</label>
		<replacePattern>'lock'</replacePattern>
		<editable>true</editable>
		<required>false</required>
		<value>[/lock:(none|checkin|checkout)]</value>
	</GUIComponents>
	<GUIComponents>
		<type>2</type>
		<label>Recursive:</label>
		<replacePattern>'recursive'</replacePattern>
		<editable>true</editable>
		<required>false</required>
		<value>[/recursive]</value>
	</GUIComponents>
	<GUIComponents>
		<type>2</type>
		<label>Encoding:</label>
		<replacePattern>'encoding'</replacePattern>
		<editable>true</editable>
		<required>false</required>
		<value>[/encoding:encoding]</value>
	</GUIComponents>
	<GUIComponents>
		<type>32</type>
		<label>Resolved Command:</label>
		<replacePattern></replacePattern>
		<editable>false</editable>
		<required>true</required>
		<value></value>
	</GUIComponents>
</ActivityDescriptor>
