<?xml version="1.0" encoding="UTF-8"?>
<ActivityDescriptor><Name>Checkout from TFS and Build</Name><Adapter>Workflow Service</Adapter><DefaultLabel>Checkout from TFS and Build for $(JOB_NAME)</DefaultLabel><Command>java -cp &quot;$(OPENMAKE_HOME)/client/bin/omcmdline.jar&quot; com.openmake.cmdline.Main -BUILD &quot;workflow services/Checkout from TFS and Build&quot;[INCLUDED_BUILDDIR=&quot;$(BUILD_DIRECTORY)&quot;,LOCK=&quot;'LOCK'&quot;,RECURSIVE=&quot;'RECURSIVE'&quot;,ENCODING=&quot;'ENCODING'&quot;,ITEM_SPEC=&quot;'ITEM_SPEC'&quot;,PROJECT=&quot;'PROJECT'&quot;,DEPENDENCY_DIRECTORY=&quot;'DEPENDENCY_DIRECTORY'&quot;,TARGETS=&quot;'TARGETS'&quot;,BLDMAKE_OPTIONS=&quot;'BLDMAKE_OPTIONS'&quot;,AUDIT_REPORT_NAME=&quot;'AUDIT_REPORT_NAME'&quot;,OM_OPTIONS=&quot;'OM_OPTIONS'&quot;,VARIABLES=&quot;'VARIABLES'&quot;]</Command><DefaultView>2</DefaultView><GUIComponents><type>2</type><label> Lock:</label><replacePattern>'LOCK'</replacePattern><editable>true</editable><required>false</required><value>$(LOCK)</value></GUIComponents><GUIComponents><type>2</type><label> Recursive:</label><replacePattern>'RECURSIVE'</replacePattern><editable>true</editable><required>false</required><value>$(RECURSIVE)</value></GUIComponents><GUIComponents><type>2</type><label> Encoding:</label><replacePattern>'ENCODING'</replacePattern><editable>true</editable><required>false</required><value>$(ENCODING)</value></GUIComponents><GUIComponents><type>2</type><label> Item Spec:</label><replacePattern>'ITEM_SPEC'</replacePattern><editable>true</editable><required>false</required><value>$(ITEM_SPEC)</value></GUIComponents><GUIComponents><type>2</type><label> Project:</label><replacePattern>'PROJECT'</replacePattern><editable>true</editable><required>false</required><value>$(PROJECT)</value></GUIComponents><GUIComponents><type>2</type><label> Dependency Directory:</label><replacePattern>'DEPENDENCY_DIRECTORY'</replacePattern><editable>true</editable><required>false</required><value>$(DEPENDENCY_DIRECTORY)</value></GUIComponents><GUIComponents><type>2</type><label> Targets:</label><replacePattern>'TARGETS'</replacePattern><editable>true</editable><required>false</required><value>$(TARGETS)</value></GUIComponents><GUIComponents><type>2</type><label> Bldmake Options:</label><replacePattern>'BLDMAKE_OPTIONS'</replacePattern><editable>true</editable><required>false</required><value>$(BLDMAKE_OPTIONS)</value></GUIComponents><GUIComponents><type>2</type><label> Audit Report Name:</label><replacePattern>'AUDIT_REPORT_NAME'</replacePattern><editable>true</editable><required>false</required><value>$(AUDIT_REPORT_NAME)</value></GUIComponents><GUIComponents><type>2</type><label> Om Options:</label><replacePattern>'OM_OPTIONS'</replacePattern><editable>true</editable><required>false</required><value>$(OM_OPTIONS)</value></GUIComponents><GUIComponents><type>2</type><label> Variables:</label><replacePattern>'VARIABLES'</replacePattern><editable>true</editable><required>false</required><value>$(VARIABLES)</value></GUIComponents></ActivityDescriptor>