<?xml version="1.0" encoding="UTF-8"?>
<ActivityDescriptor>
   <Name>Cleartool Checkin</Name>
   <Adapter>ClearCase</Adapter>
   <Command>cleartool checkin -c "'comment'" 'options' 'elements'</Command>
   <DefaultLabel></DefaultLabel>
   <DefaultView>2</DefaultView>
   <GUIComponents>
     <type>2</type>
     <label>Comment</label>
     <replacePattern>'comment'</replacePattern>
     <editable>true</editable>
     <required>true</required>
     <value></value>
   </GUIComponents>
   <GUIComponents>
     <type>2</type>
     <label>Elements</label>
     <replacePattern>'elements'</replacePattern>
     <editable>true</editable>
     <required>false</required>
     <value></value>
   </GUIComponents>
   <GUIComponents>
     <type>2</type>
     <label>Options</label>
     <replacePattern>'options'</replacePattern>
     <editable>true</editable>
     <required>false</required>
     <value></value>
   </GUIComponents>
   <GUIComponents>
     <type>32</type>
     <label>Resolved Command:</label>
     <replacePattern></replacePattern>
     <editable>false</editable>
     <required>true</required>
     <value></value>
   </GUIComponents>    
</ActivityDescriptor>