<?xml version="1.0" encoding="UTF-8"?>
<ActivityDescriptor>
   <Name>Cleartool Create Stream</Name>
   <Adapter>ClearCase</Adapter>
   <Command>cleartool mkstream -in stream:'parent_stream'@'vob' -baseline baseline:'baseline'@'vob' 'options' stream:'child_stream'@'vob'</Command>
   <DefaultLabel>Create Stream for $(JOB_NAME)</DefaultLabel>
   <DefaultView>2</DefaultView>
   <GUIComponents>
     <type>2</type>
     <label>Parent Stream</label>
     <replacePattern>'parent_stream'</replacePattern>
     <editable>true</editable>
     <required>true</required>
     <value></value>
   </GUIComponents>
   <GUIComponents>
     <type>2</type>
     <label>Child Stream</label>
     <replacePattern>'child_stream'</replacePattern>
     <editable>true</editable>
     <required>true</required>
     <value></value>
   </GUIComponents>
   <GUIComponents>
     <type>2</type>
     <label>VOB</label>
     <replacePattern>'vob'</replacePattern>
     <editable>true</editable>
     <required>true</required>
     <value></value>
   </GUIComponents>   
   <GUIComponents>
     <type>2</type>
     <label>Baseline</label>
     <replacePattern>'baseline'</replacePattern>
     <editable>true</editable>
     <required>true</required>
     <value></value>
   </GUIComponents>   
   <GUIComponents>
     <type>2</type>
     <label>Options</label>
     <replacePattern>'options'</replacePattern>
     <editable>true</editable>
     <required>false</required>
     <value></value>
   </GUIComponents>
   <GUIComponents>
     <type>32</type>
     <label>Resolved Command:</label>
     <replacePattern></replacePattern>
     <editable>false</editable>
     <required>true</required>
     <value></value>
   </GUIComponents>    
</ActivityDescriptor>