<?xml version="1.0" encoding="UTF-8"?>
<ActivityDescriptor>
   <Name>Cleartool Set UCM Activity</Name>
   <Adapter>ClearCase</Adapter>
   <Command>cleartool setactivity -view 'view' 'activity'</Command>
   <DefaultLabel></DefaultLabel>
   <DefaultView>2</DefaultView>
   <GUIComponents>
     <type>2</type>
     <label>View</label>
     <replacePattern>'view'</replacePattern>
     <editable>true</editable>
     <required>true</required>
     <value></value>
   </GUIComponents>
   <GUIComponents>
     <type>2</type>
     <label>Activity</label>
     <replacePattern>'activity'</replacePattern>
     <editable>true</editable>
     <required>true</required>
     <value></value>
   </GUIComponents>
   <GUIComponents>
     <type>32</type>
     <label>Resolved Command:</label>
     <replacePattern></replacePattern>
     <editable>false</editable>
     <required>true</required>
     <value></value>
   </GUIComponents>    
</ActivityDescriptor>