<?xml version="1.0" encoding="UTF-8"?>
<ActivityDescriptor>
   <Name>Cleartool Set View</Name>
   <Adapter>ClearCase</Adapter>
   <Command>cleartool setview 'tag'</Command>
   <DefaultLabel>Set View for $(JOB_NAME)</DefaultLabel>
   <DefaultView>2</DefaultView>
   <GUIComponents>
     <type>2</type>
     <label>Tag</label>
     <replacePattern>'tag'</replacePattern>
     <editable>true</editable>
     <required>true</required>
     <value></value>
   </GUIComponents>
   <GUIComponents>
     <type>32</type>
     <label>Resolved Command:</label>
     <replacePattern></replacePattern>
     <editable>false</editable>
     <required>true</required>
     <value></value>
   </GUIComponents>    
</ActivityDescriptor>