<?xml version="1.0" encoding="UTF-8"?>
<ActivityDescriptor>
   <Name>Cobertura</Name>
   <Adapter>Static Analysis|Test Tools</Adapter>
   <DefaultLabel>Cobertura for $(JOB_NAME)</DefaultLabel> 
   <Command>perl -S omrptmgr.pl -class com.openmake.integration.reports.tools.CoberturaReport -log "$(LOG_URL)" -wf "$(JOB_NAME)" -rn "'ReportName'" -src "'SrcDir'" -cp "'ClassPath'"</Command>   
   <DefaultView>2</DefaultView>
   <GUIComponents>
     <type>2</type>
     <label>Report Name:</label>
     <replacePattern>'ReportName'</replacePattern>
     <editable>true</editable>
     <required>true</required>
     <value>Cobertura</value>
   </GUIComponents>
   <GUIComponents>
     <type>2</type>
     <label>Source Directory:</label>
     <replacePattern>'SrcDir'</replacePattern>
     <editable>true</editable>
     <required>true</required>
     <value></value>
   </GUIComponents>
   <GUIComponents>
     <type>2</type>
     <label>ClassPath:</label>
     <replacePattern>'ClassPath'</replacePattern>
     <editable>true</editable>
     <required>false</required>
     <value></value>
   </GUIComponents>   
   <GUIComponents>
     <type>32</type>
     <label>Resolved Command:</label>
     <replacePattern></replacePattern>
     <editable>false</editable>
     <required>true</required>
     <value></value>
   </GUIComponents>
</ActivityDescriptor>
