<?xml version="1.0" encoding="UTF-8"?>
<ActivityDescriptor>
   <Name>Commit To CVS</Name>
   <Adapter>CVS</Adapter>
   <DefaultLabel>Commit to CVS for $(JOB_NAME)</DefaultLabel>   
   <Command>cvs -d "'CvsRoot'" 'CvsOptions' commit -m "'Message'" 'CommitOptions'</Command>   
   <DefaultView>2</DefaultView>
   <GUIComponents>
     <type>2</type>
     <label>CVS Root:</label>
     <replacePattern>'CvsRoot'</replacePattern>
     <editable>true</editable>
     <required>true</required>
     <value></value>
   </GUIComponents>
   <GUIComponents>
     <type>2</type>
     <label>CVS Options:</label>
     <replacePattern>'CvsOptions'</replacePattern>
     <editable>true</editable>
     <required>false</required>
     <value></value>
   </GUIComponents>   
   <GUIComponents>
     <type>1</type>
     <label>Commit Message:</label>
     <replacePattern>'Message'</replacePattern>
     <editable>true</editable>
     <required>false</required>
     <value></value>
   </GUIComponents>   
   <GUIComponents>
     <type>2</type>
     <label>Commit Options:</label>
     <replacePattern>'CommitOptions'</replacePattern>
     <editable>true</editable>
     <required>false</required>
     <value></value>
   </GUIComponents>   
   <GUIComponents>
     <type>32</type>
     <label>Resolved Command:</label>
     <replacePattern></replacePattern>
     <editable>false</editable>
     <required>true</required>
     <value></value>
   </GUIComponents>
</ActivityDescriptor>