<?xml version="1.0" encoding="UTF-8"?>
<ActivityDescriptor>
	<Name>Create TFS Workspace</Name>
	<Adapter>Microsoft</Adapter>
	<DefaultLabel>Create TFS Workspace for $(JOB_NAME)</DefaultLabel>
	<Command>tf workspace -new -noprompt 'template' 'computer' 'comment' 'server' 'workspace'</Command>
	<DefaultView>2</DefaultView>
	<GUIComponents>
		<type>2</type>
		<label>Workspace:</label>
		<replacePattern>'workspace'</replacePattern>
		<editable>true</editable>
		<required>true</required>
		<value></value>
	</GUIComponents>
	<GUIComponents>
		<type>2</type>
		<label>Server:</label>
		<replacePattern>'server'</replacePattern>
		<editable>true</editable>
		<required>false</required>
		<value>[/s:server]</value>
	</GUIComponents>
	<GUIComponents>
		<type>2</type>
		<label>Template:</label>
		<replacePattern>'template'</replacePattern>
		<editable>true</editable>
		<required>false</required>
		<value>[/template:workspacename[;workspaceowner]]</value>
	</GUIComponents>
	<GUIComponents>
		<type>2</type>
		<label>Computer:</label>
		<replacePattern>'computer'</replacePattern>
		<editable>true</editable>
		<required>false</required>
		<value>[/computer:computername]</value>
	</GUIComponents>
	<GUIComponents>
		<type>2</type>
		<label>Comment or Comment File:</label>
		<replacePattern>'comment'</replacePattern>
		<editable>true</editable>
		<required>false</required>
		<value>[/comment:("comment"|@comment file)]</value>
	</GUIComponents>
	<GUIComponents>
		<type>32</type>
		<label>Resolved Command:</label>
		<replacePattern></replacePattern>
		<editable>false</editable>
		<required>true</required>
		<value></value>
	</GUIComponents>
</ActivityDescriptor>
