<?xml version="1.0" encoding="UTF-8"?><ActivityDescriptor>   <Name>Create Deployment Package</Name>   <Adapter>Deploy+</Adapter>   <DefaultLabel>Create Deployment Package for $(JOB_NAME)</DefaultLabel>    <Command>perl  -S  package.pl "'PackageFile'" 'Location' 'Files'</Command>      <DefaultView>2</DefaultView>   <GUIComponents>     <type>2</type>     <label>Package File:</label>     <replacePattern>'PackageFile'</replacePattern>     <editable>true</editable>     <required>true</required>     <value></value>   </GUIComponents>   <GUIComponents>     <type>2</type>     <label>Location:</label>     <replacePattern>'Location'</replacePattern>     <editable>true</editable>     <required>true</required>     <value></value>   </GUIComponents>   	<GUIComponents>		<type>0</type>		<label>Specify one or more other files to be packaged, separated by spaces.</label>		<replacePattern></replacePattern>		<editable/>		<required/>		<value></value>	</GUIComponents>	<GUIComponents>		<type>0</type>		<label></label>		<replacePattern>Including a Meister Build Control File will include all Final Targets from the BCF</replacePattern>		<editable/>		<required/>		<value></value>	</GUIComponents>	   <GUIComponents>     <type>2</type>     <label>Files to package:</label>     <replacePattern>'Files'</replacePattern>     <editable>true</editable>     <required>true</required>     <value></value>   </GUIComponents>      <GUIComponents>     <type>32</type>     <label>Resolved Command:</label>     <replacePattern></replacePattern>     <editable>false</editable>     <required>true</required>     <value></value>   </GUIComponents></ActivityDescriptor>