<?xml version="1.0" encoding="UTF-8"?>
<ActivityDescriptor><Name>Deploy WebSphere Application</Name><Adapter>Deploy Service</Adapter><DefaultLabel>Deploy WebSphere Application for $(JOB_NAME)</DefaultLabel><Command>java -cp &quot;$(OPENMAKE_HOME)/client/bin/omcmdline.jar&quot; com.openmake.cmdline.Main -BUILD &quot;deploy services/Deploy WebSphere Application&quot;[INCLUDED_BUILDDIR=&quot;$(BUILD_DIRECTORY)&quot;,APPNAME=&quot;'APPNAME'&quot;,CELL=&quot;'CELL'&quot;,NODE=&quot;'NODE'&quot;,SERVER=&quot;'SERVER'&quot;,PATH_TO_WAR=&quot;'PATH_TO_WAR'&quot;,CONTEXT_ROOT=&quot;'CONTEXT_ROOT'&quot;]</Command><DefaultView>2</DefaultView><GUIComponents><type>2</type><label> Appname:</label><replacePattern>'APPNAME'</replacePattern><editable>true</editable><required>false</required><value>$(APPNAME)</value></GUIComponents><GUIComponents><type>2</type><label> Cell:</label><replacePattern>'CELL'</replacePattern><editable>true</editable><required>false</required><value>$(CELL)</value></GUIComponents><GUIComponents><type>2</type><label> Node:</label><replacePattern>'NODE'</replacePattern><editable>true</editable><required>false</required><value>$(NODE)</value></GUIComponents><GUIComponents><type>2</type><label> Server:</label><replacePattern>'SERVER'</replacePattern><editable>true</editable><required>false</required><value>$(SERVER)</value></GUIComponents><GUIComponents><type>2</type><label> Path To War:</label><replacePattern>'PATH_TO_WAR'</replacePattern><editable>true</editable><required>false</required><value>$(PATH_TO_WAR)</value></GUIComponents><GUIComponents><type>2</type><label> Context Root:</label><replacePattern>'CONTEXT_ROOT'</replacePattern><editable>true</editable><required>false</required><value>$(CONTEXT_ROOT)</value></GUIComponents></ActivityDescriptor>