<?xml version="1.0" encoding="UTF-8"?>
<ActivityDescriptor>
   <Name>Emma Instrument Classes</Name>
   <Adapter>Emma</Adapter>
   <DefaultLabel>Generate Emma Instrumentation Classes for $(JOB_NAME)</DefaultLabel>   
   <Command>java emma instr -d 'InstrDir' -ip 'InstrPath' 'Flags'</Command>      
   <DefaultView>2</DefaultView>
   <GUIComponents>
     <type>2</type>
     <label>Instrumentation Class Dir:</label>
     <replacePattern>'InstrDir'</replacePattern>
     <editable>true</editable>
     <required>true</required>
     <value></value>
   </GUIComponents>
   <GUIComponents>
     <type>2</type>
     <label>Instrumentation Path:</label>
     <replacePattern>'InstrPath'</replacePattern>
     <editable>true</editable>
     <required>true</required>
     <value></value>
   </GUIComponents>   
   <GUIComponents>
     <type>2</type>
     <label>Flags:</label>
     <replacePattern>'Flags'</replacePattern>
     <editable>true</editable>
     <required>false</required>
     <value></value>
   </GUIComponents>
    <GUIComponents>
        <type>32</type>
        <label>Resolved Command:</label>
        <replacePattern></replacePattern>
        <editable>false</editable>
        <required>true</required>
        <value></value>
   </GUIComponents>   
</ActivityDescriptor>