<?xml version="1.0" encoding="UTF-8"?>
<ActivityDescriptor>
   <Name>Emma Runtime Instrumentation</Name>
   <Adapter>Emma</Adapter>
   <DefaultLabel>Execute Emma in Runtime mode for $(JOB_NAME)</DefaultLabel>   
   <Command>java 'JavaCP' emmarun 'EmmaCP' 'Flags'</Command>      
   <DefaultView>2</DefaultView>
   <GUIComponents>
     <type>2</type>
     <label>Java Classpath:</label>
     <replacePattern>'JavaCP'</replacePattern>
     <editable>true</editable>
     <required>false</required>
     <value></value>
   </GUIComponents>
   <GUIComponents>
     <type>2</type>
     <label>EMMA Classpath:</label>
     <replacePattern>'EmmaCP'</replacePattern>
     <editable>true</editable>
     <required>false</required>
     <value></value>
   </GUIComponents>   
   <GUIComponents>
     <type>2</type>
     <label>Flags:</label>
     <replacePattern>'Flags'</replacePattern>
     <editable>true</editable>
     <required>false</required>
     <value></value>
   </GUIComponents>
    <GUIComponents>
        <type>32</type>
        <label>Resolved Command:</label>
        <replacePattern></replacePattern>
        <editable>false</editable>
        <required>true</required>
        <value></value>
   </GUIComponents>   
</ActivityDescriptor>