<?xml version="1.0" encoding="UTF-8"?>
<ActivityDescriptor>
   <Name>Emma Coverage Report Generation</Name>
   <Adapter>Emma</Adapter>
   <DefaultLabel>Generate Emma Coverage Report for $(JOB_NAME)</DefaultLabel>  
   <Command>java emma report -r 'ReportFormat' 'Flags'</Command>      
   <DefaultView>2</DefaultView>
   <GUIComponents>
     <type>2</type>
     <label>Report Format:</label>
     <replacePattern>'ReportFormat'</replacePattern>
     <editable>true</editable>
     <required>true</required>
     <value></value>
   </GUIComponents>
   <GUIComponents>
     <type>2</type>
     <label>Flags:</label>
     <replacePattern>'Flags'</replacePattern>
     <editable>true</editable>
     <required>false</required>
     <value></value>
   </GUIComponents>
    <GUIComponents>
        <type>32</type>
        <label>Resolved Command:</label>
        <replacePattern></replacePattern>
        <editable>false</editable>
        <required>true</required>
        <value></value>
   </GUIComponents>   
</ActivityDescriptor>