<?xml version="1.0" encoding="UTF-8"?>
<ActivityDescriptor>
   <Name>Execute .Net Solution Build</Name>
   <Adapter>Microsoft</Adapter>
   <Command>devenv "'SLNFile'" 'BuildAction' 'Configuration' 'Options'</Command>         
   <DefaultLabel>Execute .Net Solution Build for $(JOB_NAME)</DefaultLabel>
   <DefaultView>2</DefaultView>
   <GUIComponents>
     <type>2</type>
     <label>Solution Filename:</label>
     <replacePattern>'SLNFile'</replacePattern>
     <editable>true</editable>
     <required>true</required>
     <value></value>
   </GUIComponents>
   <GUIComponents>
     <type>2</type>
     <label>Build Action (/build or /rebuild):</label>
     <replacePattern>'BuildAction'</replacePattern>
     <editable>true</editable>
     <required>true</required>
     <value></value>
   </GUIComponents>
   <GUIComponents>
     <type>2</type>
     <label>Configuration:</label>
     <replacePattern>'Configuration'</replacePattern>
     <editable>true</editable>
     <required>false</required>
     <value></value>
   </GUIComponents>
   <GUIComponents>
     <type>2</type>
     <label>Options:</label>
     <replacePattern>'Options'</replacePattern>
     <editable>true</editable>
     <required>false</required>
     <value></value>
   </GUIComponents>
   <GUIComponents>
     <type>32</type>
     <label>Resolved Command:</label>
     <replacePattern></replacePattern>
     <editable>false</editable>
     <required>true</required>
     <value></value>
   </GUIComponents>   
</ActivityDescriptor>