<?xml version="1.0" encoding="UTF-8"?>
<ActivityDescriptor>
   <Name>Gen TFS Bill of Material Report</Name>
   <Adapter>Microsoft</Adapter>
   <DefaultLabel>Gen Bill of Material Report for $(JOB_NAME)</DefaultLabel>   
   <Command>ominspector 'PublicBuild' -c MSTF -b "'BuildDir'" -lj "'JobName'" -lm "'MachineName'" -ld "'BuildDate'" -lo "'JobOwner'" -t "'Label'"</Command>      
   <DefaultView>2</DefaultView>
   <GUIComponents>
     <type>2</type>
     <label>Public Build (-lp):</label>
     <replacePattern>'PublicBuild'</replacePattern>
     <editable>true</editable>
     <required>false</required>
     <value></value>
   </GUIComponents>
   <GUIComponents>
     <type>2</type>
     <label>Build Directory:</label>
     <replacePattern>'BuildDir'</replacePattern>
     <editable>true</editable>
     <required>true</required>
     <value>$(BUILD_DIRECTORY)</value>
   </GUIComponents>   
   <GUIComponents>
     <type>2</type>
     <label>Job Name:</label>
     <replacePattern>'JobName'</replacePattern>
     <editable>true</editable>
     <required>true</required>
     <value>$(JOB_NAME)</value>
   </GUIComponents>   
   <GUIComponents>
     <type>2</type>
     <label>Machine Name:</label>
     <replacePattern>'MachineName'</replacePattern>
     <editable>true</editable>
     <required>true</required>
     <value>$(MACHINE_NAME)</value>
   </GUIComponents>   
   <GUIComponents>
     <type>2</type>
     <label>Build Date (YYYY-MM-DD HH_MM_SS):</label>
     <replacePattern>'BuildDate'</replacePattern>
     <editable>true</editable>
     <required>true</required>
     <value>$(BUILD_DATE) $(BUILD_TIME)</value>
   </GUIComponents>   
   <GUIComponents>
     <type>2</type>
     <label>Job Owner:</label>
     <replacePattern>'JobOwner'</replacePattern>
     <editable>true</editable>
     <required>true</required>
     <value>$(USER_NAME)</value>
   </GUIComponents>   
   <GUIComponents>
     <type>2</type>
     <label>Job Label:</label>
     <replacePattern>'Label'</replacePattern>
     <editable>true</editable>
     <required>true</required>
     <value>$(JOB_LABEL)</value>
   </GUIComponents>   
   <GUIComponents>
     <type>32</type>
     <label>Resolved Command:</label>
     <replacePattern></replacePattern>
     <editable>false</editable>
     <required>true</required>
     <value></value>
   </GUIComponents>   
</ActivityDescriptor>

