<?xml version="1.0" encoding="UTF-8"?>
<ActivityDescriptor>
    <Name>Git Pull</Name>
    <Adapter>Git|CI</Adapter>
    <DefaultLabel>Git Pull for $(JOB_NAME)</DefaultLabel>
    <Command>git pull 'OPTIONS' "'ORIGIN'" "'REFSPEC'"</Command>
    <DefaultView>2</DefaultView>
    <GUIComponents>
        <type>2</type>
        <label>Options for Pull</label>
        <replacePattern>'OPTIONS'</replacePattern>
        <editable>true</editable>
        <required>false</required>
        <value></value>
    </GUIComponents>
    <GUIComponents>
        <type>2</type>
        <label>Source Repository</label>
        <replacePattern>'ORIGIN'</replacePattern>
        <editable>true</editable>
        <required>true</required>
        <value></value>
    </GUIComponents>
    <GUIComponents>
        <type>2</type>
        <label>Local Destination Refspec</label>
        <replacePattern>'REFSPEC'</replacePattern>
        <editable>true</editable>
        <required>true</required>
        <value></value>
    </GUIComponents>
    <GUIComponents>
        <type>32</type>
        <label>Resolved Command:</label>
        <replacePattern></replacePattern>
        <editable>false</editable>
        <required>true</required>
        <value></value>
    </GUIComponents>
</ActivityDescriptor>