<?xml version="1.0" encoding="UTF-8"?>
<ActivityDescriptor>
    <Name>Git Add</Name>
    <Adapter>Git</Adapter>
    <DefaultLabel>Git Add for $(JOB_NAME)</DefaultLabel>
    <Command>git add 'PATHLIST'</Command>
    <DefaultView>2</DefaultView>
    <GUIComponents>
        <type>2</type>
        <label>Work tree paths to add:</label>
        <replacePattern>'PATHLIST'</replacePattern>
        <editable>true</editable>
        <required>true</required>
        <value></value>
    </GUIComponents>
    <GUIComponents>
        <type>32</type>
        <label>Resolved Command:</label>
        <replacePattern></replacePattern>
        <editable>false</editable>
        <required>true</required>
        <value></value>
    </GUIComponents>
</ActivityDescriptor>