<?xml version="1.0" encoding="UTF-8"?>
<ActivityDescriptor>
   <Name>Delete Virtual Directory</Name>
   <Adapter>IIS</Adapter>
   <DefaultLabel>Delete Virtual Directory for $(JOB_NAME)</DefaultLabel> 
   <Command>cscript %systemroot%\system32\iisvdir.vbs /s 'server' /u 'user' /p 'password' /delete 'site' 'path' 'alias'</Command>   
   <DefaultView>2</DefaultView>
   <GUIComponents>
     <type>2</type>
     <label>Server:</label>
     <replacePattern>'server'</replacePattern>
     <editable>true</editable>
     <required>true</required>
     <value></value>
   </GUIComponents>
   <GUIComponents>
     <type>2</type>
     <label>User:</label>
     <replacePattern>'user'</replacePattern>
     <editable>true</editable>
     <required>true</required>
     <value></value>
   </GUIComponents>
   <GUIComponents>
     <type>128</type>
     <label>Password:</label>
     <replacePattern>'password'</replacePattern>
     <editable>true</editable>
     <required>true</required>
     <value></value>
   </GUIComponents>
   <GUIComponents>
     <type>2</type>
     <label>Site:</label>
     <replacePattern>'site'</replacePattern>
     <editable>true</editable>
     <required>true</required>
     <value></value>
   </GUIComponents>
   <GUIComponents>
     <type>2</type>
     <label>Path:</label>
     <replacePattern>'path'</replacePattern>
     <editable>true</editable>
     <required>true</required>
     <value></value>
   </GUIComponents>
   <GUIComponents>
     <type>2</type>
     <label>Alias:</label>
     <replacePattern>'alias'</replacePattern>
     <editable>true</editable>
     <required>false</required>
     <value></value>
   </GUIComponents>
   <GUIComponents>
     <type>32</type>
     <label>Resolved Command:</label>
     <replacePattern></replacePattern>
     <editable>false</editable>
     <required>true</required>
     <value></value>
   </GUIComponents>
</ActivityDescriptor>
