<?xml version="1.0" encoding="UTF-8"?>
<ActivityDescriptor>
   <Name>Start Site(s)</Name>
   <Adapter>IIS</Adapter>
   <DefaultLabel>Start Site(s) for $(JOB_NAME)</DefaultLabel> 
   <Command>cscript %systemroot%\system32\iisweb.vbs /s 'server' /u 'user' /p 'password' /start 'site'</Command>   
   <DefaultView>2</DefaultView>
   <GUIComponents>
     <type>2</type>
     <label>Server:</label>
     <replacePattern>'server'</replacePattern>
     <editable>true</editable>
     <required>true</required>
     <value></value>
   </GUIComponents>
   <GUIComponents>
     <type>2</type>
     <label>User:</label>
     <replacePattern>'user'</replacePattern>
     <editable>true</editable>
     <required>true</required>
     <value></value>
   </GUIComponents>
   <GUIComponents>
     <type>128</type>
     <label>Password:</label>
     <replacePattern>'password'</replacePattern>
     <editable>true</editable>
     <required>true</required>
     <value></value>
   </GUIComponents>
   <GUIComponents>
     <type>2</type>
     <label>Site(s):</label>
     <replacePattern>'site'</replacePattern>
     <editable>true</editable>
     <required>true</required>
     <value></value>
   </GUIComponents>
   <GUIComponents>
     <type>32</type>
     <label>Resolved Command:</label>
     <replacePattern></replacePattern>
     <editable>false</editable>
     <required>true</required>
     <value></value>
   </GUIComponents>
</ActivityDescriptor>
