<?xml version="1.0" encoding="UTF-8"?>
<ActivityDescriptor>
	<Name>Log Text File - Windows</Name>
	<Adapter>Mojo|Command Line</Adapter>
	<Command>type 'file'</Command>
	<DefaultLabel>Log Text File</DefaultLabel>
	<DefaultView>2</DefaultView>
	<GUIComponents>
		<type>2</type>
		<label>File to Display:</label>
		<replacePattern>'file'</replacePattern>
		<editable>true</editable>
		<required>true</required>
		<value></value>
	</GUIComponents>
	<GUIComponents>
		<type>32</type>
		<label>Resolved Command:</label>
		<replacePattern></replacePattern>
		<editable>false</editable>
		<required>true</required>
		<value></value>
	</GUIComponents>
</ActivityDescriptor>
