<?xml version="1.0" encoding="UTF-8"?><ActivityDescriptor>	<Name>Publish Manual Build Script Results</Name>	<Adapter>Publish Binaries|Meister</Adapter>	<DefaultLabel>Publish Manual Build Script Results for $(JOB_NAME)</DefaultLabel>	<Command>perl -S ompublish.pl "'project'" "$(LOG_URL)" "$(JOB_NUMBER)" 'file1'</Command>	<DefaultView>2</DefaultView>	<GUIComponents>		<type>2</type>		<label>Repository Collection:</label>		<replacePattern>'project'</replacePattern>		<editable>true</editable>		<required>true</required>		<value></value>	</GUIComponents>	<GUIComponents>		<type>0</type>		<label>Specify the file extensions, with wildcard, of all binaries or artifacts to be collected</label>		<replacePattern></replacePattern>		<editable/>		<required/>		<value></value>	</GUIComponents>	<GUIComponents>		<type>0</type>		<label>(i.e. *.jar, *.exe, *.dll, *.lib) separated by space.</label>		<replacePattern></replacePattern>		<editable/>		<required/>		<value></value>	</GUIComponents>	<GUIComponents>		<type>2</type>		<label>Files:</label>		<replacePattern>'file1'</replacePattern>		<editable>true</editable>		<required>true</required>		<value></value>	</GUIComponents>	<GUIComponents>		<type>32</type>		<label>Resolved Command:</label>		<replacePattern></replacePattern>		<editable>false</editable>		<required>true</required>		<value></value>	</GUIComponents></ActivityDescriptor>