<?xml version="1.0" encoding="UTF-8"?>
<ActivityDescriptor>
	<Name>Execute Meister Clean All Build With PVCS Audit</Name>
	<Adapter>Serena PVCS</Adapter>
	<Command>om -vp ompvcsver.pl -b "'AuditName'" 'Options' 'Targets' 'Vars'</Command>
	<DefaultLabel>Execute Meister Clean All Build With PVCS Audit for $(JOB_NAME)</DefaultLabel>
	<DefaultView>2</DefaultView>
	<GUIComponents>
		<type>2</type>
		<label>Audit Report Name:</label>
		<replacePattern>'AuditName'</replacePattern>
		<editable>true</editable>
		<required>true</required>
		<value></value>
	</GUIComponents>
	<GUIComponents>
		<type>2</type>
		<label>Options:</label>
		<replacePattern>'Options'</replacePattern>
		<editable>true</editable>
		<required>false</required>
		<value></value>
	</GUIComponents>
	<GUIComponents>
		<type>0</type>
		<label> -a  = Force dependencies to be newer than the target</label>
		<replacePattern></replacePattern>
     <editable></editable>
     <required></required>
		<value></value>
	</GUIComponents>
	<GUIComponents>
		<type>0</type>
		<label> -b  = Build Audit File Name for the Final Targets</label>
		<replacePattern></replacePattern>
		<editable>false</editable>
		<required>true</required>
		<value></value>
	</GUIComponents>
	<GUIComponents>
		<type>0</type>
		<label> -c  = Change current working directory</label>
		<replacePattern></replacePattern>
		<editable>false</editable>
		<required>true</required>
		<value></value>
	</GUIComponents>
	<GUIComponents>
		<type>0</type>
		<label> -d  = Don't Scan Source</label>
		<replacePattern></replacePattern>
		<editable>false</editable>
		<required>true</required>
		<value></value>
	</GUIComponents>
	<GUIComponents>
		<type>0</type>
		<label> -e  = Embed Footprint in the Final Targets</label>
		<replacePattern></replacePattern>
		<editable>false</editable>
		<required>true</required>
		<value></value>
	</GUIComponents>
	<GUIComponents>
		<type>0</type>
		<label> -f  = Build Control File name, defaults to '&lt;OS name&gt;.mak'</label>
		<replacePattern></replacePattern>
		<editable>false</editable>
		<required>true</required>
		<value></value>
	</GUIComponents>
	<GUIComponents>
		<type>0</type>
		<label> -g  = Gather Impact Analysis </label>
		<replacePattern></replacePattern>
		<editable>false</editable>
		<required>true</required>
		<value></value>
	</GUIComponents>
	<GUIComponents>
		<type>0</type>
		<label> -j  = Don't Scan Java Source </label>
		<replacePattern></replacePattern>
		<editable>false</editable>
		<required>true</required>
		<value></value>
	</GUIComponents>
	<GUIComponents>
		<type>0</type>
		<label> -km             = Log: Keep build metrics on KB Server </label>
		<replacePattern></replacePattern>
		<editable>false</editable>
		<required>true</required>
		<value></value>
	</GUIComponents>
	<GUIComponents>
		<type>0</type>
		<label> -ov             = Verbose Output </label>
		<replacePattern></replacePattern>
		<editable>false</editable>
		<required>true</required>
		<value></value>
	</GUIComponents>
	<GUIComponents>
		<type>0</type>
		<label> -s  = Case sensitive</label>
		<replacePattern></replacePattern>
		<editable>false</editable>
		<required>true</required>
		<value></value>
	</GUIComponents>
	<GUIComponents>
		<type>0</type>
		<label> -x  = Stop Build on Compile and Link Errors</label>
		<replacePattern></replacePattern>
		<editable>false</editable>
		<required>true</required>
		<value></value>
	</GUIComponents>
	<GUIComponents>
		<type>0</type>
		<label> See User Guide for further options  </label>
		<replacePattern></replacePattern>
		<editable>false</editable>
		<required>true</required>
		<value></value>
	</GUIComponents>
	<GUIComponents>
		<type>2</type>
		<label>Targets (empty for all targets):</label>
		<replacePattern>'Targets'</replacePattern>
		<editable>true</editable>
		<required>false</required>
		<value></value>
	</GUIComponents>
	<GUIComponents>
		<type>2</type>
		<label>Variables:</label>
		<replacePattern>'Vars'</replacePattern>
		<editable>true</editable>
		<required>false</required>
		<value></value>
	</GUIComponents>
	<GUIComponents>
		<type>0</type>
		<label> CFG=DEBUG - Perform DEBUG Build</label>
		<replacePattern></replacePattern>
		<editable>false</editable>
		<required>true</required>
		<value></value>
	</GUIComponents>
	<GUIComponents>
		<type>0</type>
		<label> CFG=RELEASE - Perform RELEASE Build</label>
		<replacePattern></replacePattern>
		<editable>false</editable>
		<required>true</required>
		<value></value>
	</GUIComponents>
	<GUIComponents>
		<type>32</type>
		<label>Resolved Command:</label>
		<replacePattern></replacePattern>
		<editable>false</editable>
		<required>true</required>
		<value></value>
	</GUIComponents>
</ActivityDescriptor>
