<?xml version="1.0" encoding="UTF-8"?>
<ActivityDescriptor>
    <Name>Run Perl Script</Name>
    <Adapter>Perl|Mojo|Command Line</Adapter>
    <DefaultLabel>Run Perl Script for $(JOB_NAME)</DefaultLabel>
    <Command>perl 'ARGS' "'SCRIPT'" 'ARGS2'</Command>
    <DefaultView>2</DefaultView>
    <GUIComponents>
        <type>2</type>
        <label>Additional parameters for Perl executable:</label>
        <replacePattern>'ARGS'</replacePattern>
        <editable>true</editable>
        <required>false</required>
        <value></value>
    </GUIComponents>
    <GUIComponents>
        <type>2</type>
        <label>Perl script name:</label>
        <replacePattern>'SCRIPT'</replacePattern>
        <editable>true</editable>
        <required>true</required>
        <value></value>
    </GUIComponents>
    <GUIComponents>
        <type>2</type>
        <label>Perl script arguments:</label>
        <replacePattern>'ARGS2'</replacePattern>
        <editable>true</editable>
        <required>false</required>
        <value></value>
    </GUIComponents>
    <GUIComponents>
        <type>32</type>
        <label>Resolved Command:</label>
        <replacePattern></replacePattern>
        <editable>false</editable>
        <required>true</required>
        <value></value>
    </GUIComponents>
</ActivityDescriptor>