<?xml version="1.0" encoding="UTF-8"?>
<ActivityDescriptor>
    <Name>Send HTML Email from Template</Name>
    <Adapter>Notifications</Adapter>
    <DefaultLabel>HTML Email for $(JOB_NAME)</DefaultLabel>
    <Command>perl -S omemail.pl -h -s "'Subject'" -r "'Recipients'" -t "'Template'" -u "$(LOG_URL)"</Command>
    <DefaultView>2</DefaultView>
    <GUIComponents>
        <type>2</type>
        <label>Subject:</label>
        <replacePattern>'Subject'</replacePattern>
        <editable>true</editable>
        <required>true</required>
        <value></value>
    </GUIComponents>
    <GUIComponents>
        <type>1</type>
        <label>Recipients (comma delimit):</label>
        <replacePattern>'Recipients'</replacePattern>
        <editable>true</editable>
        <required>true</required>
        <value></value>
    </GUIComponents>
    <GUIComponents>
        <type>2</type>
        <label>HTML Mail Template File (Full path or in PATH):</label>
        <replacePattern>'Template'</replacePattern>
        <editable>true</editable>
        <required>true</required>
        <value></value>
    </GUIComponents>
    <GUIComponents>
        <type>32</type>
        <label>Resolved Command:</label>
        <replacePattern></replacePattern>
        <editable>false</editable>
        <required>true</required>
        <value></value>
    </GUIComponents>
</ActivityDescriptor>