<?xml version="1.0" encoding="UTF-8"?>
<ActivityDescriptor>
   <Name>Set Perforce Workspace</Name>
   <Adapter>Perforce</Adapter>
   <DefaultLabel>Set Perforce Workspace for $(JOB_NAME)</DefaultLabel>   
   <Command>p4 client -o "'client'"</Command>
   <DefaultView>2</DefaultView>
   <GUIComponents>
     <type>2</type>
     <label>Client:</label>
     <replacePattern>'client'</replacePattern>
     <editable>true</editable>
     <required>true</required>
     <value></value>
   </GUIComponents>
   <GUIComponents>
     <type>32</type>
     <label>Resolved Command:</label>
     <replacePattern></replacePattern>
     <editable>false</editable>
     <required>true</required>
     <value></value>
   </GUIComponents>
</ActivityDescriptor>
