<?xml version="1.0" encoding="UTF-8"?>
<ActivityDescriptor>
   <Name>Subversion Create Branch</Name>
   <Adapter>Subversion</Adapter>
   <Command>svn copy "'TrunkURL'" "'BranchURL'" -m "'message'"</Command>   
   <DefaultLabel>Subversion Create Branch for $(JOB_NAME)</DefaultLabel> 
   <DefaultView>2</DefaultView>
   <GUIComponents>
     <type>2</type>
     <label>Trunk URL:</label>
     <replacePattern>'TrunkURL'</replacePattern>
     <editable>true</editable>
     <required>true</required>
     <value></value>
   </GUIComponents>
   <GUIComponents>
     <type>2</type>
     <label>Branch URL:</label>
     <replacePattern>'BranchURL'</replacePattern>
     <editable>true</editable>
     <required>true</required>
     <value></value>
   </GUIComponents>
   <GUIComponents>
     <type>2</type>
     <label>Message:</label>
     <replacePattern>'message'</replacePattern>
     <editable>true</editable>
     <required>false</required>
     <value></value>
   </GUIComponents>      
   <GUIComponents>
     <type>32</type>
     <label>Resolved Command:</label>
     <replacePattern></replacePattern>
     <editable>false</editable>
     <required>true</required>
     <value></value>
   </GUIComponents>   
</ActivityDescriptor>
