<?xml version="1.0" encoding="UTF-8"?>
<ActivityDescriptor>
    <Name>Teamforge Release Upload</Name>
    <Adapter>Teamforge</Adapter>
    <DefaultLabel>Release Upload for $(JOB_NAME)</DefaultLabel>
    <Command>perl -S omctf.pl 'REL' "'BIN'" </Command>
    <DefaultView>2</DefaultView>
    <GUIComponents>
        <type>2</type>
        <label>Release:</label>
        <replacePattern>'REL'</replacePattern>
        <editable>true</editable>
        <required>true</required>
        <value></value>
    </GUIComponents>
    <GUIComponents>
        <type>2</type>
        <label>Binaries:</label>
        <replacePattern>'BIN'</replacePattern>
        <editable>true</editable>
        <required>true</required>
        <value></value>
    </GUIComponents>
    <GUIComponents>
        <type>32</type>
        <label>Resolved Command:</label>
        <replacePattern></replacePattern>
        <editable>false</editable>
        <required>true</required>
        <value></value>
    </GUIComponents>
</ActivityDescriptor>