<?xml version="1.0" encoding="UTF-8"?>
<ActivityDescriptor><Name>Tomcat Deploy</Name><Adapter>Deploy Service</Adapter><DefaultLabel>Tomcat Deploy for $(JOB_NAME)</DefaultLabel><Command>java -cp &quot;$(OPENMAKE_HOME)/client/bin/omcmdline.jar&quot; com.openmake.cmdline.Main -BUILD &quot;deploy services/Tomcat Deploy&quot;[INCLUDED_BUILDDIR=&quot;$(BUILD_DIRECTORY)&quot;,TOMCAT_HOME=&quot;'TOMCAT_HOME'&quot;,SOURCE_FILES=&quot;'SOURCE_FILES'&quot;,DEPLOY_AREAS=&quot;'DEPLOY_AREAS'&quot;]</Command><DefaultView>2</DefaultView><GUIComponents><type>2</type><label> Tomcat Home:</label><replacePattern>'TOMCAT_HOME'</replacePattern><editable>true</editable><required>false</required><value>$(TOMCAT_HOME)</value></GUIComponents><GUIComponents><type>2</type><label> Source Files:</label><replacePattern>'SOURCE_FILES'</replacePattern><editable>true</editable><required>false</required><value>$(SOURCE_FILES)</value></GUIComponents><GUIComponents><type>2</type><label> Deploy Areas:</label><replacePattern>'DEPLOY_AREAS'</replacePattern><editable>true</editable><required>false</required><value>$(DEPLOY_AREAS)</value></GUIComponents></ActivityDescriptor>