<?xml version="1.0" encoding="UTF-8"?>
<ActivityDescriptor>
   <Name>Unpackage Java Archive</Name>
   <Adapter>Deployment</Adapter>
   <Command>jar -xvf "'Archive'"</Command>   
   <DefaultLabel>Unpackage Java Archive for $(JOB_NAME)</DefaultLabel> 
   <DefaultView>2</DefaultView>
   <GUIComponents>
     <type>2</type>
     <label>Archive:</label>
     <replacePattern>'Archive'</replacePattern>
     <editable>true</editable>
     <required>true</required>
     <value></value>
   </GUIComponents>
   <GUIComponents>
     <type>32</type>
     <label>Resolved Command:</label>
     <replacePattern></replacePattern>
     <editable>false</editable>
     <required>true</required>
     <value></value>
   </GUIComponents>   
</ActivityDescriptor>

