<?xml version="1.0" encoding="UTF-8"?>
<ActivityDescriptor>
   <Name>Update From StarTeam</Name>
   <Adapter>StarTeam|CI</Adapter>
   <Command>stcmd co -p "'User':'Password'\@'Host':'Port'/'Project'/'View'/'ViewPath'"</Command> 
   <DefaultLabel>Update from StarTeam for $(JOB_NAME)</DefaultLabel> 
   <DefaultView>2</DefaultView>
   <GUIComponents>
     <type>2</type>
     <label>User:</label>
     <replacePattern>'User'</replacePattern>
     <editable>true</editable>
     <required>true</required>
     <value></value>
   </GUIComponents>
   <GUIComponents>
     <type>128</type>
     <label>Password:</label>
     <replacePattern>'Password'</replacePattern>
     <editable>true</editable>
     <required>true</required>
     <value></value>
   </GUIComponents>   
   <GUIComponents>
     <type>2</type>
     <label>Host:</label>
     <replacePattern>'Host'</replacePattern>
     <editable>true</editable>
     <required>true</required>
     <value></value>
   </GUIComponents>
   <GUIComponents>
     <type>2</type>
     <label>Port:</label>
     <replacePattern>'Port'</replacePattern>
     <editable>true</editable>
     <required>true</required>
     <value></value>
   </GUIComponents>   
   <GUIComponents>
     <type>2</type>
     <label>Project:</label>
     <replacePattern>'Project'</replacePattern>
     <editable>true</editable>
     <required>true</required>
     <value></value>
   </GUIComponents>   
   <GUIComponents>
     <type>2</type>
     <label>View:</label>
     <replacePattern>'View'</replacePattern>
     <editable>true</editable>
     <required>true</required>
     <value></value>
   </GUIComponents>
   <GUIComponents>
     <type>2</type>
     <label>Viewpath:</label>
     <replacePattern>'ViewPath'</replacePattern>
     <editable>true</editable>
     <required>true</required>
     <value></value>
   </GUIComponents>
   <GUIComponents>
     <type>32</type>
     <label>Resolved Command:</label>
     <replacePattern></replacePattern>
     <editable>false</editable>
     <required>true</required>
     <value></value>
   </GUIComponents>   
</ActivityDescriptor>
