<?xml version="1.0" encoding="UTF-8"?>
<ActivityDescriptor>
   <Name>Update from TFS</Name>
   <Adapter>Microsoft|CI</Adapter>
   <DefaultLabel>Update from TFS for $(JOB_NAME)</DefaultLabel>   
   <Command>tf get 'itemspec' 'versionspec' 'additionalOptions' -noprompt</Command>
   <DefaultView>2</DefaultView>
   <GUIComponents>
     <type>2</type>
     <label>Item Spec:</label>
     <replacePattern>'itemspec'</replacePattern>
     <editable>true</editable>
     <required>false</required>
     <value></value>
   </GUIComponents>
   <GUIComponents>
     <type>2</type>
     <label>Version Spec:</label>
     <replacePattern>'versionspec'</replacePattern>
     <editable>true</editable>
     <required>false</required>
     <value></value>
   </GUIComponents>   
   <GUIComponents>
     <type>2</type>
     <label>Addtional Options:</label>
     <replacePattern>'additionalOptions'</replacePattern>
     <editable>true</editable>
     <required>false</required>
     <value>[/all /overwrite /force /recursive]</value>
   </GUIComponents>   
   <GUIComponents>
     <type>32</type>
     <label>Resolved Command:</label>
     <replacePattern></replacePattern>
     <editable>false</editable>
     <required>true</required>
     <value></value>
   </GUIComponents>
</ActivityDescriptor>
