<?xml version="1.0" encoding="UTF-8"?>
<ActivityDescriptor>
   <Name>Update From VSS</Name>
   <Adapter>Visual Source Safe|CI</Adapter>
   <Command>ss get 'SSDIR'</Command>   
   <DefaultLabel>Update from VSS for $(JOB_NAME)</DefaultLabel> 
   <DefaultView>2</DefaultView>
   <GUIComponents>
     <type>2</type>
     <label>SSDIR:</label>
     <replacePattern>'SSDIR'</replacePattern>
     <editable>true</editable>
     <required>true</required>
     <value></value>
   </GUIComponents>
   <GUIComponents>
     <type>32</type>
     <label>Resolved Command:</label>
     <replacePattern></replacePattern>
     <editable>false</editable>
     <required>true</required>
     <value></value>
   </GUIComponents>    
</ActivityDescriptor>
