<?xml version="1.0" encoding="UTF-8"?>
<ActivityDescriptor>
   <Name>Update TeamForge Artifacts Status</Name>
   <Adapter>Teamforge</Adapter>
   <Command>java -cp "%OPENMAKE_HOME%\TFIntegration\TFUpdate.jar;%OPENMAKE_HOME%\TFIntegration\log4j-1.2.8.jar;%OPENMAKE_HOME%\TFIntegration\sf_soap50_sdk.jar;%OPENMAKE_HOME%\TFIntegration\jaxrpc.jar;%OPENMAKE_HOME%\TFIntegration\axis.jar;%OPENMAKE_HOME%\TFIntegration\commons-logging.jar;%OPENMAKE_HOME%\TFIntegration\commons-discovery.jar;%OPENMAKE_HOME%\TFIntegration\saaj.jar;%OPENMAKE_HOME%\TFIntegration" TFUpdate 'TFURL' 'USER' 'PASS' 'TRACKERID' Update "'TFSTATUS'" "'OMLOG'"</Command>   
   <DefaultLabel>Update TeamForge Artifacts Status for $(JOB_NAME)</DefaultLabel> 
   <DefaultView>2</DefaultView>
   <GUIComponents>
     <type>2</type>
     <label>TeamForge URL:</label>
     <replacePattern>'TFURL'</replacePattern>
     <editable>true</editable>
     <required>true</required>
     <value></value>
   </GUIComponents>
   <GUIComponents>
     <type>2</type>
     <label>Username:</label>
     <replacePattern>'USER'</replacePattern>
     <editable>true</editable>
     <required>true</required>
     <value></value>
   </GUIComponents>
   <GUIComponents>
     <type>128</type>
     <label>Password:</label>
     <replacePattern>'PASS'</replacePattern>
     <editable>true</editable>
     <required>true</required>
     <value></value>
   </GUIComponents>
   <GUIComponents>
     <type>2</type>
     <label>TeamForge Tracker ID:</label>
     <replacePattern>'TRACKERID'</replacePattern>
     <editable>true</editable>
     <required>true</required>
     <value></value>
   </GUIComponents>
   <GUIComponents>
     <type>2</type>
     <label>Artifact Status:</label>
     <replacePattern>'TFSTATUS'</replacePattern>
     <editable>true</editable>
     <required>true</required>
     <value></value>
   </GUIComponents>
   <GUIComponents>
     <type>2</type>
     <label>Meister Log URL:</label>
     <replacePattern>'OMLOG'</replacePattern>
     <editable>true</editable>
     <required>true</required>
     <value></value>
   </GUIComponents>
   <GUIComponents>
     <type>32</type>
     <label>Resolved Command:</label>
     <replacePattern></replacePattern>
     <editable>false</editable>
     <required>true</required>
     <value></value>
   </GUIComponents>   
</ActivityDescriptor>
