<?xml version="1.0" encoding="UTF-8"?>
<ActivityDescriptor>
   <Name>Update From ClearCase</Name>
   <Adapter>ClearCase|CI</Adapter>
   <Command>cleartool update 'options' "'SnapshotPath'"</Command>   
   <DefaultLabel>Update from ClearCase for $(JOB_NAME)</DefaultLabel>    
   <DefaultView>2</DefaultView>
   <GUIComponents>
     <type>2</type>
     <label>Update Options:</label>
     <replacePattern>'options'</replacePattern>
     <editable>true</editable>
     <required>false</required>
     <value></value>
   </GUIComponents>
   <GUIComponents>
        <type>2</type>
        <label>Snapshot-View-Path:</label>
        <replacePattern>'SnapshotPath'</replacePattern>
        <editable>true</editable>
        <required>true</required>
        <value></value>
   </GUIComponents>
   <GUIComponents>
     <type>32</type>
     <label>Resolved Command:</label>
     <replacePattern></replacePattern>
     <editable>false</editable>
     <required>true</required>
     <value></value>
   </GUIComponents>
</ActivityDescriptor>
