<?xml version="1.0" encoding="UTF-8"?>
<ActivityDescriptor>
    <Name>Variable Substitution</Name>
    <Adapter>Deployment|Configuration</Adapter>
    <DefaultLabel>Variable Substitution for $(JOB_NAME)</DefaultLabel>
    <Command>perl omsearchandreplace.pl "'CONFIGFILE'" "'INFILE'" 'OUTFILE'</Command>
    <DefaultView>2</DefaultView>
    <GUIComponents>
        <type>2</type>
        <label>Properties File:</label>
        <replacePattern>'CONFIGFILE'</replacePattern>
        <editable>true</editable>
        <required>true</required>
        <value></value>
    </GUIComponents>
    <GUIComponents>
        <type>2</type>
        <label>Input File:</label>
        <replacePattern>'INFILE'</replacePattern>
        <editable>true</editable>
        <required>true</required>
        <value></value>
    </GUIComponents>
    <GUIComponents>
        <type>2</type>
        <label>Output File:</label>
        <replacePattern>'OUTFILE'</replacePattern>
        <editable>true</editable>
        <required>false</required>
        <value></value>
    </GUIComponents>
    <GUIComponents>
        <type>32</type>
        <label>Resolved Command:</label>
        <replacePattern></replacePattern>
        <editable>false</editable>
        <required>true</required>
        <value></value>
    </GUIComponents>
</ActivityDescriptor>