<project name = "METALWORKS" default = "jar" basedir= ".">
 <!-- Set properties -->
 <!--   ignore the classpath that Ant is running under -->
 <property environment="myenv"/>
 <property name = "build.sysclasspath" value = "ignore" />
 <property name = "jar" value = "." />
 <!-- Start jar section -->
 <target name = "jar">
  <jar destfile = "metalworks.jar">
   <zipfileset dir="${myenv.REFDIR}/metalworks/release">
    <include name = "HelpFiles/metalworks.html" />
    <include name = "IMAGES/palette_select.gif" />
    <include name = "IMAGES/palette_text.gif" />
    <include name = "IMAGES/palette_zoom.gif" />
    <include name = "IMAGES/palette_hand.gif" />
    <include name = "IMAGES/palette_crop.gif" />
    <include name = "IMAGES/palette_draw.gif" />
    <include name = "HelpFiles/credits.html" />
    <include name = "HelpFiles/metal.html" />
    <include name = "HelpFiles/swing.html" />
    <include name = "HelpFiles/toc.html" />
    <include name = "MyTheme.theme" />
   </zipfileset>
<!--   <zipfileset dir="."> -->
   <zipfileset dir=".">
    <include name = "*.class" />
   </zipfileset>
  </jar>
 </target>
 <!-- End the project -->
</project>
