<project name = "METALWORKS" default = "compile" basedir = ".">
 <!-- Set properties -->
 <!--   ignore the classpath that Ant is running under -->
 <property environment="myenv"/>
 <property name = "build.sysclasspath" value = "ignore" />
 <property name = "src" value = "." />
 <property name = "build" value = "." />
  <!-- Start compile section -->
 <target  name = "compile">
  <java classname="com.sun.tools.javac.Main" classpath = ":.:${myenv.JAVA_HOME}/jre/lib/rt.jar:${myenv.JAVA_HOME}/lib/tools.jar">
   <arg value="-bootclasspath" />
   <arg value=":.:${myenv.JAVA_HOME}/jre/lib/rt.jar:${myenv.JAVA_HOME}/lib/tools.jar" />
   <arg value="-sourcepath" />
   <arg value=".:tgt:${myenv.REFDIR}/metalworks/dev/src:${myenv.refdir}/metalworks/dev:${myenv.REFDIR}/metalworks/qa/src:${myenv.REFDIR}/metalworks/qa:${myenv.REFDIR}/metalworks/release/src:${myenv.REFDIR}/metalworks/release:${myenv.JAVAHOME}/jre/lib:${myenv.JAVAHOME}/lib:" />
   <arg value="-g:none" />
   <arg value="-d" />
   <arg value="./" />
   <arg value="${myenv.REFDIR}/metalworks/dev/src/MetalworksInBox.java" />
   <arg value="${myenv.REFDIR}/metalworks/release/src/AquaMetalTheme.java" />
   <arg value="${myenv.REFDIR}/metalworks/release/src/BigContrastMetalTheme.java" />
   <arg value="${myenv.REFDIR}/metalworks/release/src/ContrastMetalTheme.java" />
   <arg value="${myenv.REFDIR}/metalworks/release/src/DemoMetalTheme.java" />
   <arg value="${myenv.REFDIR}/metalworks/release/src/GreenMetalTheme.java" />
   <arg value="${myenv.REFDIR}/metalworks/release/src/KhakiMetalTheme.java" />
   <arg value="${myenv.REFDIR}/metalworks/release/src/MetalThemeMenu.java" />
   <arg value="${myenv.REFDIR}/metalworks/release/src/Metalworks.java" />
   <arg value="${myenv.REFDIR}/metalworks/release/src/MetalworksDocumentFrame.java" />
   <arg value="${myenv.REFDIR}/metalworks/release/src/MetalworksFrame.java" />
   <arg value="${myenv.REFDIR}/metalworks/release/src/MetalworksHelp.java" />
   <arg value="${myenv.REFDIR}/metalworks/release/src/MetalworksPrefs.java" />
   <arg value="${myenv.REFDIR}/metalworks/release/src/PropertiesMetalTheme.java" />
   <arg value="${myenv.REFDIR}/metalworks/release/src/UISwitchListener.java" />
  </java>
 </target>
 <!-- End the project -->
</project>
