<?xml version="1.0"?>
<BuildType><Version>6.3</Version><OperatingSystem>AIX</OperatingSystem><Name>Archive Library</Name><Description>An archive library is created by compiling source code into object files and the bundling the object files with the ar program.</Description><FinalTargetExt>.a</FinalTargetExt><BuildTasks><Name>Pre-Compile</Name><Description>C and COBOL source files are generated using the rpcgen and/or Oracle proc and procob compilers.  The generated source files are compiled by the Compile Build Task.</Description><OptionGroups><GroupName>Build Task Options</GroupName><Type>1</Type></OptionGroups></BuildTasks><BuildTasks><Name>Compile</Name><Description>C and COBOL source files are compiled into object files.  The object files are passed to the Archive Build Task.</Description><OptionGroups><GroupName>Build Task Options</GroupName><Type>1</Type></OptionGroups></BuildTasks><BuildTasks><Name>Archive</Name><Description>Object files created by the Compile Build Task are bundled into an archive library using the ar program.</Description><OptionGroups><GroupName>Build Task Options</GroupName><Type>1</Type></OptionGroups></BuildTasks><Rules><ParentBuildTask>Pre-Compile</ParentBuildTask><TargetExt>.c</TargetExt><SourceExts>.pc</SourceExts><NameFrom>.pc</NameFrom><CompilerName>Oracle Proc Compiler.sc</CompilerName><Makefile>AIX</Makefile><ToDir>Intermediate</ToDir><OptionGroup><GroupName>Rule Options</GroupName><Type>2</Type><Options><Flag>proc parse=none ireclen=132 mode=oracle sqlcheck=full maxopencursors=50 hold_cursor=YES release_cursor=NO $(BLD_OPTIONS_B)</Flag><Type>25</Type></Options><Options><Flag>proc</Flag><Type>153</Type><Description></Description></Options><Options><Flag>parse=none </Flag><Type>153</Type><Description></Description></Options><Options><Flag>ireclen=132</Flag><Type>153</Type><Description></Description></Options><Options><Flag>mode=oracle</Flag><Type>153</Type><Description></Description></Options><Options><Flag>sqlcheck=full</Flag><Type>153</Type><Description></Description></Options><Options><Flag>maxopencursors=50</Flag><Type>153</Type><Description></Description></Options><Options><Flag>hold_cursor=YES</Flag><Type>153</Type><Description></Description></Options><Options><Flag>release_cursor=NO</Flag><Type>153</Type><Description></Description></Options><Options><Flag>$(BLD_OPTIONS_B)</Flag><Type>153</Type><Description></Description></Options></OptionGroup></Rules><Rules><ParentBuildTask>Pre-Compile</ParentBuildTask><TargetExt>.c</TargetExt><SourceExts>.x</SourceExts><NameFrom>.x</NameFrom><CompilerName>Rpcgen Compiler.sc</CompilerName><Makefile>AIX</Makefile><ToDir>Intermediate</ToDir><OptionGroup><GroupName>Rule Options</GroupName><Type>2</Type><Options><Flag>$(BLD_OPTIONS_A)</Flag><Type>25</Type></Options></OptionGroup></Rules><Rules><ParentBuildTask>Pre-Compile</ParentBuildTask><TargetExt>.cob</TargetExt><SourceExts>.pco</SourceExts><NameFrom>.pco</NameFrom><CompilerName>Oracle Procob Compiler.sc</CompilerName><Makefile>AIX</Makefile><ToDir>Intermediate</ToDir><OptionGroup><GroupName>Rule Options</GroupName><Type>2</Type><Options><Flag>procob</Flag><Type>25</Type></Options><Options><Flag>ltype=none</Flag><Type>153</Type><Description></Description></Options><Options><Flag>mode=oracle</Flag><Type>153</Type><Description></Description></Options><Options><Flag>sqlcheck=full</Flag><Type>153</Type><Description></Description></Options><Options><Flag>maxopencursors=50</Flag><Type>153</Type><Description></Description></Options><Options><Flag>procob ltype=none mode=oracle sqlcheck=full maxopencursors=50 hold_cursor=YES release_cursor=NO ireclen=132 COMP5=yes $(BLD_OPTIONS_B)</Flag><Type>153</Type><Description></Description></Options></OptionGroup></Rules><Rules><ParentBuildTask>Pre-Compile</ParentBuildTask><TargetExt>.h</TargetExt><SourceExts>.x</SourceExts><NameFrom>.x</NameFrom><CompilerName>Rpcgen Compiler.sc</CompilerName><Makefile>AIX</Makefile><ToDir>Intermediate</ToDir><OptionGroup><GroupName>Rule Options</GroupName><Type>2</Type><Options><Flag>$(BLD_OPTIONS_A)</Flag><Type>25</Type></Options></OptionGroup></Rules><Rules><ParentBuildTask>Compile</ParentBuildTask><TargetExt>.int</TargetExt><SourceExts>.cob</SourceExts><NameFrom>.cob</NameFrom><CompilerName>Microfocus Cobol Compiler.sc</CompilerName><Makefile>AIX</Makefile><ToDir>Intermediate</ToDir><OptionGroup><GroupName>Rule Options</GroupName><Type>2</Type><Options><Flag>-g</Flag><Type>17</Type></Options><Options><Flag>cob</Flag><Type>25</Type></Options><Options><Flag>-cvaxP</Flag><Type>25</Type></Options><Options><Flag>-C COMP-5=2</Flag><Type>25</Type></Options><Options><Flag>-C IBMCOMP</Flag><Type>25</Type></Options><Options><Flag>-C BOUND</Flag><Type>25</Type></Options><Options><Flag>-C SPZERO</Flag><Type>25</Type></Options><Options><Flag>-C COPYLIST</Flag><Type>25</Type></Options><Options><Flag>$(BLD_OPTIONS_A)</Flag><Type>25</Type></Options></OptionGroup></Rules><Rules><ParentBuildTask>Compile</ParentBuildTask><TargetExt>.o</TargetExt><SourceExts>.c .h</SourceExts><NameFrom>.c</NameFrom><CompilerName>AIX C and Cpp Compiler.sc</CompilerName><Makefile>AIX</Makefile><ToDir>Intermediate</ToDir><OptionGroup><GroupName>Rule Options</GroupName><Type>2</Type><Options><Flag>-g</Flag><Type>17</Type></Options><Options><Flag>xlc </Flag><Type>25</Type></Options><Options><Flag>-qcpluscmt</Flag><Type>25</Type></Options><Options><Flag>-qidirfirst</Flag><Type>25</Type></Options><Options><Flag>$(BLD_OPTIONS_A)</Flag><Type>25</Type></Options></OptionGroup></Rules><Rules><ParentBuildTask>Compile</ParentBuildTask><TargetExt>.o</TargetExt><SourceExts>.cob</SourceExts><NameFrom>.cob</NameFrom><CompilerName>Microfocus Cobol Compiler.sc</CompilerName><Makefile>AIX</Makefile><ToDir>Intermediate</ToDir><OptionGroup><GroupName>Rule Options</GroupName><Type>2</Type><Options><Flag>-g</Flag><Type>17</Type></Options><Options><Flag>cob</Flag><Type>25</Type></Options><Options><Flag>-cvaxP</Flag><Type>25</Type></Options><Options><Flag>-C COMP-5=2</Flag><Type>25</Type></Options><Options><Flag>-C IBMCOMP</Flag><Type>25</Type></Options><Options><Flag>-C BOUND</Flag><Type>25</Type></Options><Options><Flag>-C SPZERO</Flag><Type>25</Type></Options><Options><Flag>-C COPYLIST</Flag><Type>25</Type></Options><Options><Flag>$(BLD_OPTIONS_A)</Flag><Type>25</Type></Options></OptionGroup></Rules><Rules><ParentBuildTask>Compile</ParentBuildTask><TargetExt>.o</TargetExt><SourceExts>.cpp .h</SourceExts><NameFrom>.cpp</NameFrom><CompilerName>AIX C and Cpp Compiler.sc</CompilerName><Makefile>AIX</Makefile><ToDir>Intermediate</ToDir><OptionGroup><GroupName>Rule Options</GroupName><Type>2</Type><Options><Flag>-g</Flag><Type>17</Type></Options><Options><Flag>xlC</Flag><Type>25</Type></Options><Options><Flag>-qidirfirst</Flag><Type>25</Type></Options><Options><Flag>$(BLD_OPTIONS_A)</Flag><Type>25</Type></Options></OptionGroup></Rules><Rules><ParentBuildTask>Archive</ParentBuildTask><TargetExt>.a</TargetExt><SourceExts>.o .so</SourceExts><NameFrom>Final Target</NameFrom><CompilerName>AIX ar Archiver.sc</CompilerName><Makefile>AIX</Makefile><ToDir>Final Target</ToDir><OptionGroup><GroupName>Rule Options</GroupName><Type>2</Type><Options><Flag>-rv</Flag><Type>25</Type></Options><Options><Flag>ar</Flag><Type>25</Type></Options></OptionGroup></Rules></BuildType>