<?xml version="1.0"?>
<BuildType><Version>6.3</Version><OperatingSystem>AIX</OperatingSystem><Name>Entry Shared Object</Name><Description>This shared library contains an entry point option for cc in the Link Build Task.  The shared object is not formatted by ar.</Description><FinalTargetExt>.so</FinalTargetExt><BuildTasks><Name>Pre-Compile</Name><Description>C source files are generated using the rpcgen compiler.  The generated source files are compiled by the Compile Build Task.</Description><OptionGroups><GroupName>Build Task Options</GroupName><Type>1</Type></OptionGroups></BuildTasks><BuildTasks><Name>Compile</Name><Description>cc is used to compile the source code.</Description><OptionGroups><GroupName>Build Task Options</GroupName><Type>1</Type></OptionGroups></BuildTasks><BuildTasks><Name>Link</Name><Description>The cc program is used to link the object files.  The final object is NOT formatted by ar.</Description><OptionGroups><GroupName>Build Task Options</GroupName><Type>1</Type></OptionGroups></BuildTasks><Rules><ParentBuildTask>Pre-Compile</ParentBuildTask><TargetExt>.c</TargetExt><SourceExts>.x</SourceExts><NameFrom>.x</NameFrom><CompilerName>Rpcgen Compiler.sc</CompilerName><Makefile>AIX</Makefile><ToDir>Intermediate</ToDir><OptionGroup><GroupName>Rule Options</GroupName><Type>2</Type><Options><Flag>$(BLD_OPTIONS_A)</Flag><Type>25</Type></Options></OptionGroup></Rules><Rules><ParentBuildTask>Pre-Compile</ParentBuildTask><TargetExt>.h</TargetExt><SourceExts>.x</SourceExts><NameFrom>.x</NameFrom><CompilerName>Rpcgen Compiler.sc</CompilerName><Makefile>AIX</Makefile><ToDir>Intermediate</ToDir><OptionGroup><GroupName>Rule Options</GroupName><Type>2</Type><Options><Flag>$(BLD_OPTIONS_A)</Flag><Type>25</Type></Options></OptionGroup></Rules><Rules><ParentBuildTask>Compile</ParentBuildTask><TargetExt>.o</TargetExt><SourceExts>.c .h</SourceExts><NameFrom>.c</NameFrom><CompilerName>AIX C and Cpp Compiler.sc</CompilerName><Makefile>AIX</Makefile><ToDir>Intermediate</ToDir><OptionGroup><GroupName>Rule Options</GroupName><Type>2</Type><Options><Flag>-g</Flag><Type>17</Type></Options><Options><Flag>xlc</Flag><Type>25</Type></Options><Options><Flag>-qcpluscmt</Flag><Type>25</Type></Options><Options><Flag>-qidirfirst</Flag><Type>25</Type></Options><Options><Flag>$(BLD_OPTIONS_A)</Flag><Type>25</Type></Options></OptionGroup></Rules><Rules><ParentBuildTask>Link</ParentBuildTask><TargetExt>.so</TargetExt><SourceExts>.a .exp .imp .o .so</SourceExts><NameFrom>Final Target</NameFrom><CompilerName>AIX C and Cpp Linker.sc</CompilerName><Makefile>AIX</Makefile><ToDir>Final Target</ToDir><OptionGroup><GroupName>Rule Options</GroupName><Type>2</Type><Options><Flag>xlc</Flag><Type>25</Type></Options><Options><Flag>-bnoipath</Flag><Type>25</Type></Options><Options><Flag>-qidirfirst</Flag><Type>25</Type></Options><Options><Flag>-bM:SRE</Flag><Type>25</Type></Options><Options><Flag>-L$OPENWINHOME/lib</Flag><Type>25</Type></Options><Options><Flag>-L$MOTIFHOME/lib</Flag><Type>25</Type></Options><Options><Flag>-L/usr/lib</Flag><Type>25</Type></Options><Options><Flag>$(BLD_OPTIONS_C)</Flag><Type>25</Type></Options></OptionGroup></Rules></BuildType>