<?xml version="1.0"?>
<BuildType><Version>6.3</Version><OperatingSystem>AIX</OperatingSystem><Name>Executable</Name><Description>Creates an executable target from .c code using the default c compiler. It has two tasks; Compile and Link. The Compile Build Task converts source code to .o object files. The Link Task links .o object files and libraries to create the Final Target executable.
</Description><FinalTargetExt>.noext</FinalTargetExt><BuildTasks><Name>Pre-Compile</Name><Description>C source files are generated using the rpcgen compiler.  The generated source files are compiled by the Compile Build Task.</Description><OptionGroups><GroupName>Build Task Options</GroupName><Type>1</Type></OptionGroups></BuildTasks><BuildTasks><Name>Compile</Name><Description>The Compile Build Task converts C source code to .o object files by calling the default c compiler. Remote procedure calls (RPCs) can be generated through the rpcgen compiler.</Description><OptionGroups><GroupName>Build Task Options</GroupName><Type>1</Type></OptionGroups></BuildTasks><BuildTasks><Name>Link</Name><Description>The Link task links .o object files and libraries together to create the Final Target Executable. The Link Build Task calls the default linker (typically ld).</Description><OptionGroups><GroupName>Build Task Options</GroupName><Type>1</Type></OptionGroups></BuildTasks><Rules><ParentBuildTask>Pre-Compile</ParentBuildTask><TargetExt>.c</TargetExt><SourceExts>.x</SourceExts><NameFrom>.x</NameFrom><CompilerName>Rpcgen Compiler.sc</CompilerName><Makefile>AIX</Makefile><ToDir>Intermediate</ToDir><OptionGroup><GroupName>Rule Options</GroupName><Type>2</Type><Options><Flag>$(BLD_OPTIONS_A)</Flag><Type>25</Type></Options></OptionGroup></Rules><Rules><ParentBuildTask>Pre-Compile</ParentBuildTask><TargetExt>.h</TargetExt><SourceExts>.x</SourceExts><NameFrom>.x</NameFrom><CompilerName>Rpcgen Compiler.sc</CompilerName><Makefile>AIX</Makefile><ToDir>Intermediate</ToDir><OptionGroup><GroupName>Rule Options</GroupName><Type>2</Type><Options><Flag>$(BLD_OPTIONS_A)</Flag><Type>25</Type></Options></OptionGroup></Rules><Rules><ParentBuildTask>Compile</ParentBuildTask><TargetExt>.o</TargetExt><SourceExts>.c .h</SourceExts><NameFrom>.c</NameFrom><CompilerName>AIX C and Cpp Compiler.sc</CompilerName><Makefile>AIX</Makefile><ToDir>Intermediate</ToDir><OptionGroup><GroupName>Rule Options</GroupName><Type>2</Type><Options><Flag>$(BLD_OPTIONS_A)</Flag><Type>25</Type></Options><Options><Flag>-g</Flag><Type>17</Type></Options><Options><Flag>-qcpluscmt </Flag><Type>25</Type></Options><Options><Flag>-qidirfirst</Flag><Type>25</Type></Options><Options><Flag>xlc</Flag><Type>25</Type></Options></OptionGroup></Rules><Rules><ParentBuildTask>Link</ParentBuildTask><TargetExt>.noext</TargetExt><SourceExts>.a .o .so .noext</SourceExts><NameFrom>Final Target</NameFrom><CompilerName>AIX C and Cpp Linker.sc</CompilerName><Makefile>AIX</Makefile><ToDir>Final Target</ToDir><OptionGroup><GroupName>Rule Options</GroupName><Type>2</Type><Options><Flag>xlc</Flag><Type>25</Type></Options><Options><Flag>-bnoipath</Flag><Type>25</Type></Options><Options><Flag>-qidirfirst</Flag><Type>25</Type></Options><Options><Flag>$(BLD_OPTIONS_C)</Flag><Type>25</Type></Options></OptionGroup></Rules></BuildType>
