<?xml version="1.0"?>
<BuildType><Version>6.3</Version><OperatingSystem>AIX</OperatingSystem><Name>GNU Shared Library</Name><Description>Creates a standard shared library using the gcc program.</Description><FinalTargetExt>.so</FinalTargetExt><BuildTasks><Name>Compile</Name><Description>The gcc program is used to compile C and C++ code into objects with Position Independent Code (PIC).  PIC format objects are always used with shared libraries on AIX.</Description><OptionGroups><GroupName>Build Task Options</GroupName><Type>1</Type></OptionGroups></BuildTasks><BuildTasks><Name>Link</Name><Description>gcc is used to create the shared library from objects created in the Compile Build Task.</Description><OptionGroups><GroupName>Build Task Options</GroupName><Type>1</Type></OptionGroups></BuildTasks><Rules><ParentBuildTask>Compile</ParentBuildTask><TargetExt>.o</TargetExt><SourceExts>.c .h</SourceExts><NameFrom>.c</NameFrom><CompilerName>GNU gcc Compiler.sc</CompilerName><Makefile>AIX</Makefile><ToDir>Intermediate</ToDir><OptionGroup><GroupName>Rule Options</GroupName><Type>2</Type><Options><Flag>-g</Flag><Type>17</Type></Options><Options><Flag>gcc</Flag><Type>25</Type></Options><Options><Flag>-fpic</Flag><Type>25</Type></Options><Options><Flag>$(BLD_OPTIONS_A)</Flag><Type>25</Type></Options></OptionGroup></Rules><Rules><ParentBuildTask>Compile</ParentBuildTask><TargetExt>.o</TargetExt><SourceExts>.cpp .h</SourceExts><NameFrom>.cpp</NameFrom><CompilerName>GNU gcc Compiler.sc</CompilerName><Makefile>AIX</Makefile><ToDir>Intermediate</ToDir><OptionGroup><GroupName>Rule Options</GroupName><Type>2</Type><Options><Flag>-g</Flag><Type>17</Type></Options><Options><Flag>g++</Flag><Type>25</Type></Options><Options><Flag>-fpic</Flag><Type>25</Type></Options><Options><Flag>$(BLD_OPTIONS_A)</Flag><Type>25</Type></Options><Options><Flag>-x</Flag><Type>159</Type><Parameter>c++</Parameter><Description></Description></Options></OptionGroup></Rules><Rules><ParentBuildTask>Compile</ParentBuildTask><TargetExt>.o</TargetExt><SourceExts>.cxx .h</SourceExts><NameFrom>.cxx</NameFrom><CompilerName>GNU gcc Compiler.sc</CompilerName><Makefile>AIX</Makefile><ToDir>Intermediate</ToDir><OptionGroup><GroupName>Rule Options</GroupName><Type>2</Type><Options><Flag>-g</Flag><Type>17</Type></Options><Options><Flag>g++</Flag><Type>25</Type></Options><Options><Flag>-fpic</Flag><Type>25</Type></Options><Options><Flag>$(BLD_OPTIONS_A)</Flag><Type>25</Type></Options></OptionGroup></Rules><Rules><ParentBuildTask>Link</ParentBuildTask><TargetExt>.so</TargetExt><SourceExts>.a .o</SourceExts><NameFrom>Final Target</NameFrom><CompilerName>GNU gcc Linker.sc</CompilerName><Makefile>AIX</Makefile><ToDir>Final Target</ToDir><OptionGroup><GroupName>Rule Options</GroupName><Type>2</Type><Options><Flag>-g</Flag><Type>17</Type></Options><Options><Flag>gcc</Flag><Type>25</Type></Options><Options><Flag>-shared</Flag><Type>25</Type></Options><Options><Flag>-L$MOTIFHOME/lib</Flag><Type>25</Type></Options><Options><Flag>-L/usr/lib</Flag><Type>25</Type></Options><Options><Flag>-L$OPENWINHOME/lib</Flag><Type>25</Type></Options><Options><Flag>$(BLD_OPTIONS_C)</Flag><Type>25</Type></Options></OptionGroup></Rules></BuildType>
