<?xml version="1.0"?>
<BuildType><Version>6.3</Version><OperatingSystem>AIX</OperatingSystem><Name>ITHISAM</Name><TaskType></TaskType><Description>Creates C header files from .DDL using the ITHISAM compiler.</Description><FinalTargetExt>.h</FinalTargetExt><BuildTasks><Name>Pre-Compile</Name><Description>Creates C header files from .DDL using the ITHISAM compiler.</Description><OptionGroups><GroupName>Build Task Options</GroupName><Type>1</Type></OptionGroups></BuildTasks><Rules><ParentBuildTask>Pre-Compile</ParentBuildTask><TargetExt>.h</TargetExt><SourceExts>.ddl</SourceExts><NameFrom>Final Target</NameFrom><CompilerName>ITHISAM Compiler.sc</CompilerName><Makefile>AIX</Makefile><ToDir>Final Target</ToDir><OptionGroup><GroupName>Rule Options</GroupName><Type>2</Type><Options><Flag>$(BLD_OPTIONS_A)</Flag><Type>25</Type></Options></OptionGroup></Rules></BuildType>