<?xml version="1.0"?>
<BuildType><Version>6.3</Version><OperatingSystem>AIX</OperatingSystem><Name>Lawson Compile</Name><TaskType></TaskType><Description>Compiles a single Lawson program using the loccmp compiler.  For example, if you have a program A367, and it has files a3src/A367PD, a3src/A367WS, a3src/A367.scr then list these files as dependencies and the target as obj/A267.gnt.

</Description><FinalTargetExt>.gnt</FinalTargetExt><BuildTasks><Name>Compile</Name><Description></Description><OptionGroups><GroupName>Build Task Options</GroupName><Type>1</Type></OptionGroups></BuildTasks><Rules><ParentBuildTask>Compile</ParentBuildTask><TargetExt>.gnt</TargetExt><SourceExts>.scr .noext .rpt .gnt</SourceExts><NameFrom>Final Target</NameFrom><CompilerName>Lawson loccmp Compiler.sc</CompilerName><Makefile>AIX</Makefile><ToDir>Final Target</ToDir><OptionGroup><GroupName>Rule Options</GroupName><Type>2</Type><Options><Flag>-D</Flag><Type>145</Type><Description></Description></Options></OptionGroup></Rules></BuildType>
