<?xml version="1.0"?>
<BuildType><Version>6.3</Version><OperatingSystem>AIX</OperatingSystem><Name>Lex and Flex C File</Name><TaskType></TaskType><Description>Used to generate a C source file from a lex source file when the C file needs to have a different name from the Lex file.

There is also a Build Task under Available Tasks with the same rule that can be imported into any build service that compiles C code.</Description><FinalTargetExt>.c</FinalTargetExt><BuildTasks><Name>Precompile</Name><Description>Used to generate a C source file from a lex source file when the C file needs to have a different name from the Lex file.

The flex parser can be called instead of the default 'lex' by passing 'flex' as an option or using the Flex Option Group.

The Build Task can be copied into any other standard build service that compiles C code.  Be sure to change the &quot;Name from&quot; field to &quot;.l&quot; and the output directory to &quot;Intermediate&quot; if this is done.</Description><OptionGroups><GroupName>Build Task Options</GroupName><Type>1</Type></OptionGroups><OptionGroups><GroupName>Lex</GroupName><Type>1</Type><Description>The Lex option group contains options to use for the lex compiler</Description></OptionGroups><OptionGroups><GroupName>Flex</GroupName><Type>1</Type><Description>The Flex option group contains options to use for the flex compiler</Description><Options><Flag>flex</Flag><Type>89</Type><Description></Description></Options></OptionGroups></BuildTasks><Rules><ParentBuildTask>Precompile</ParentBuildTask><TargetExt>.c</TargetExt><SourceExts>.l</SourceExts><NameFrom>Final Target</NameFrom><CompilerName>Lex.sc</CompilerName><Makefile>Solaris</Makefile><ToDir>Final Target</ToDir><OptionGroup><GroupName>Rule Options</GroupName><Type>2</Type></OptionGroup></Rules></BuildType>
