<?xml version="1.0" encoding="UTF-8"?>
<BuildType><Version>6.3</Version><OperatingSystem>AIX</OperatingSystem><Name>PeopleSoft COBOL Native Runtime</Name><TaskType></TaskType><Description>Creates MicroFocus COBOL generated native code (GNT) files from COBOL files. The target extension is '.gnt' and the source files are either .cbl or .cob.

The flags chosen come from the pscbl.mak script that comes with PeopleSoft on UNIX.
</Description><FinalTargetExt>.gnt</FinalTargetExt><BuildTasks><Name>Compile</Name><Description></Description><OptionGroups><GroupName>Build Task Options</GroupName><Type>1</Type></OptionGroups></BuildTasks><Rules><ParentBuildTask>Compile</ParentBuildTask><TargetExt>.gnt</TargetExt><SourceExts>.cbl .cob</SourceExts><NameFrom>Final Target</NameFrom><CompilerName>PeopleSoft MF Cobol Compile.sc</CompilerName><Makefile>AIX</Makefile><ToDir>Final Target</ToDir><OptionGroup><GroupName>Rule Options</GroupName><Type>2</Type><Options><Flag>-C CHECKDIV=</Flag><Type>155</Type><Parameter>OSVS</Parameter><Description></Description></Options><Options><Flag>-C LINKCOUNT=</Flag><Type>155</Type><Parameter>1024</Parameter><Description></Description></Options><Options><Flag>-C ERRLIST</Flag><Type>153</Type><Parameter></Parameter><Description></Description></Options><Options><Flag>-C WARNING=</Flag><Type>155</Type><Parameter>1</Parameter><Description></Description></Options><Options><Flag>-C IBMCOMP</Flag><Type>153</Type><Description></Description></Options><Options><Flag>-C NOALTER</Flag><Type>153</Type><Description></Description></Options><Options><Flag>-C NOQUERY</Flag><Type>153</Type><Description></Description></Options><Options><Flag>-C NOOSVS</Flag><Type>153</Type><Description></Description></Options><Options><Flag>-C VSC2</Flag><Type>153</Type><Description></Description></Options><Options><Flag>-C INTLEVEL=4</Flag><Type>153</Type><Description></Description></Options><Options><Flag>-C 'MAKESYN &quot;COMP-5&quot; == &quot;COMP&quot;'</Flag><Type>153</Type><Description></Description></Options><Options><Flag>-C 'OVERRIDE &quot;TIME-OUT&quot; == &quot;TIME-OUT-MF&quot;'</Flag><Type>153</Type><Description></Description></Options><Options><Flag>-C 'ANS85 &quot;SYNTAX&quot;'</Flag><Type>153</Type><Description></Description></Options><Options><Flag>-u</Flag><Type>153</Type><Description></Description></Options><Options><Flag>-W</Flag><Type>155</Type><Parameter>e</Parameter><Description></Description></Options><Options><Flag>-P</Flag><Type>153</Type><Description></Description></Options></OptionGroup></Rules></BuildType>
