<?xml version="1.0"?>
<BuildType><OperatingSystem>AIX</OperatingSystem><Name>Sybase ASE pre-12.5</Name><TaskType></TaskType><Description>Used to create Sybase Adaptive Server database objects.  It uses files to represent compiled objects and uses the isql program for compiling DDL, SQL and T/SQL.  It uses the bcp command to import and export data.

Designed for use with ASE prior to release 12.5 because of the inability to bundle multiple ALTER statements into a single transaction.

You must have the &quot;use ddl in tran&quot; option set to true.  To set this, issue the following commands at the Sybase command line:

use db_name
go
sp_dboption db, &quot;use ddl in tran&quot;, true
go

Start by create a final target file name with '.complete' extension. The name can be anything and can be related to a change request, e.g. SCR0345.complete

This file will be created only after all the operations have completed successfully. Then add individual file dependencies broken down into single files as dependencies in the different option groups. Note that different types of DDL statements must have different file extensions according to the rules.</Description><FinalTargetExt>.complete</FinalTargetExt><BuildTasks><Name>Create Tables</Name><Description>Rules in this Build Task perform compile actions by calling a specific compiler.</Description><OptionGroups><GroupName>Build Task Options</GroupName><Type>1</Type></OptionGroups></BuildTasks><BuildTasks><Name>Alter Table Group</Name><Description>This is a placeholder task that ensures all alter table operations have been performed before proceeding to the next task.</Description><OptionGroups><GroupName>Build Task Options</GroupName><Type>1</Type></OptionGroups></BuildTasks><BuildTasks><Name>Import Data</Name><Description>Rules in this Build Task perform compile actions by calling a specific compiler.</Description><OptionGroups><GroupName>Build Task Options</GroupName><Type>1</Type></OptionGroups></BuildTasks><BuildTasks><Name>Create Indexes</Name><Description>Rules in this Build Task perform compile actions by calling a specific compiler.</Description><OptionGroups><GroupName>Build Task Options</GroupName><Type>1</Type></OptionGroups></BuildTasks><BuildTasks><Name>Create Procs</Name><Description>Rules in this Build Task perform compile actions by calling a specific compiler.</Description><OptionGroups><GroupName>Build Task Options</GroupName><Type>1</Type></OptionGroups></BuildTasks><BuildTasks><Name>Create Triggers</Name><Description>Rules in this Build Task perform compile actions by calling a specific compiler.</Description><OptionGroups><GroupName>Build Task Options</GroupName><Type>1</Type></OptionGroups></BuildTasks><BuildTasks><Name>Create Views</Name><Description>Rules in this Build Task perform compile actions by calling a specific compiler.</Description><OptionGroups><GroupName>Build Task Options</GroupName><Type>1</Type></OptionGroups></BuildTasks><BuildTasks><Name>Export Data</Name><Description>Rules in this Build Task perform compile actions by calling a specific compiler.</Description><OptionGroups><GroupName>Build Task Options</GroupName><Type>1</Type></OptionGroups></BuildTasks><BuildTasks><Name>SQL Statement</Name><Description></Description><OptionGroups><GroupName>Build Task Options</GroupName><Type>1</Type></OptionGroups></BuildTasks><BuildTasks><Name>Alter Table</Name><Description>Rules in this Build Task perform compile actions by calling a specific compiler.</Description><OptionGroups><GroupName>Build Task Options</GroupName><Type>1</Type></OptionGroups></BuildTasks><BuildTasks><Name>Change Complete</Name><Description>This task is only a place-holder task for the rule creating the final target, .complete.</Description><OptionGroups><GroupName>Build Task Options</GroupName><Type>1</Type></OptionGroups></BuildTasks><Rules><ParentBuildTask>Create Tables</ParentBuildTask><TargetExt>.create_tables</TargetExt><SourceExts>.ddl</SourceExts><NameFrom>Final Target</NameFrom><CompilerName>Sybase ISQL.sc</CompilerName><Makefile>Windows</Makefile><ToDir>Final Target</ToDir><OptionGroup><GroupName>Rule Options</GroupName><Type>2</Type></OptionGroup></Rules><Rules><ParentBuildTask>Alter Table Group</ParentBuildTask><TargetExt>.alter_tables</TargetExt><SourceExts>.alter_table</SourceExts><NameFrom>Final Target</NameFrom><CompilerName>Target Group.sc</CompilerName><Makefile>Windows</Makefile><ToDir>Final Target</ToDir><OptionGroup><GroupName>Rule Options</GroupName><Type>2</Type></OptionGroup></Rules><Rules><ParentBuildTask>Import Data</ParentBuildTask><TargetExt>.import_data</TargetExt><SourceExts>.alter_tables .dat .fmt .create_tables .statement</SourceExts><NameFrom>Final Target</NameFrom><CompilerName>Sybase BCP.sc</CompilerName><Makefile>Windows</Makefile><ToDir>Final Target</ToDir><OptionGroup><GroupName>Rule Options</GroupName><Type>2</Type></OptionGroup></Rules><Rules><ParentBuildTask>Create Indexes</ParentBuildTask><TargetExt>.create_indexes</TargetExt><SourceExts>.load_data .create_tables .alter_tables .idx</SourceExts><NameFrom>Final Target</NameFrom><CompilerName>Sybase ISQL.sc</CompilerName><Makefile>Windows</Makefile><ToDir>Final Target</ToDir><OptionGroup><GroupName>Rule Options</GroupName><Type>2</Type></OptionGroup></Rules><Rules><ParentBuildTask>Create Procs</ParentBuildTask><TargetExt>.create_proc</TargetExt><SourceExts>.alter_tables .create_tables .create_indexes .create_views .prc</SourceExts><NameFrom>.prc</NameFrom><CompilerName>Sybase ISQL for TSQL.sc</CompilerName><Makefile>Windows</Makefile><ToDir>Final Target</ToDir><OptionGroup><GroupName>Rule Options</GroupName><Type>2</Type></OptionGroup></Rules><Rules><ParentBuildTask>Create Triggers</ParentBuildTask><TargetExt>.create_trigger</TargetExt><SourceExts>.load_data .create_tables .alter_tables .trg</SourceExts><NameFrom>Final Target</NameFrom><CompilerName>Sybase ISQL for TSQL.sc</CompilerName><Makefile>Windows</Makefile><ToDir>Final Target</ToDir><OptionGroup><GroupName>Rule Options</GroupName><Type>2</Type></OptionGroup></Rules><Rules><ParentBuildTask>Create Views</ParentBuildTask><TargetExt>.create_views</TargetExt><SourceExts>.alter_tables .create_tables .create_indexes .vw</SourceExts><NameFrom>.vw</NameFrom><CompilerName>Sybase ISQL.sc</CompilerName><Makefile>Windows</Makefile><ToDir>Final Target</ToDir><OptionGroup><GroupName>Rule Options</GroupName><Type>2</Type></OptionGroup></Rules><Rules><ParentBuildTask>Export Data</ParentBuildTask><TargetExt>.dat</TargetExt><SourceExts>.statement .tgt .fmt</SourceExts><NameFrom>Final Target</NameFrom><CompilerName>Sybase BCP.sc</CompilerName><Makefile>Windows</Makefile><ToDir>Final Target</ToDir><OptionGroup><GroupName>Rule Options</GroupName><Type>2</Type></OptionGroup></Rules><Rules><ParentBuildTask>SQL Statement</ParentBuildTask><TargetExt>.statement</TargetExt><SourceExts>.alter_tables .create_tables .sql</SourceExts><NameFrom>Final Target</NameFrom><CompilerName>Sybase ISQL.sc</CompilerName><Makefile>Windows</Makefile><ToDir>Final Target</ToDir><OptionGroup><GroupName>Rule Options</GroupName><Type>2</Type></OptionGroup></Rules><Rules><ParentBuildTask>Alter Table</ParentBuildTask><TargetExt>.alter_table</TargetExt><SourceExts>.create_tables .ddl</SourceExts><NameFrom>.ddl</NameFrom><CompilerName>Sybase ISQL.sc</CompilerName><Makefile>Windows</Makefile><ToDir>Final Target</ToDir><OptionGroup><GroupName>Rule Options</GroupName><Type>2</Type></OptionGroup></Rules><Rules><ParentBuildTask>Change Complete</ParentBuildTask><TargetExt>.complete</TargetExt><SourceExts>.create_tables .dat .create_indexes .create_proc .alter_tables .create_trigger .import_data</SourceExts><NameFrom>Final Target</NameFrom><CompilerName>Target Group.sc</CompilerName><Makefile>Windows</Makefile><ToDir>Final Target</ToDir><OptionGroup><GroupName>Rule Options</GroupName><Type>2</Type></OptionGroup></Rules></BuildType>
