<?xml version="1.0"?>
<BuildType><Version>6.3</Version><OperatingSystem>AIX</OperatingSystem><Name>Tuxedo Client</Name><Description>Creates a Tuxedo Client executable by using cc to compile C and C++ programs. Uses buildclient to link the executable.</Description><FinalTargetExt>.noext</FinalTargetExt><BuildTasks><Name>Compile</Name><Description>The cc program is used to compile the source code into objects.</Description><OptionGroups><GroupName>Build Task Options</GroupName><Type>1</Type></OptionGroups></BuildTasks><BuildTasks><Name>Link</Name><Description>Uses the buildclient program to link the objects into a Tuxedo client executable.</Description><OptionGroups><GroupName>Build Task Options</GroupName><Type>1</Type></OptionGroups></BuildTasks><Rules><ParentBuildTask>Compile</ParentBuildTask><TargetExt>.h</TargetExt><SourceExts>.x </SourceExts><NameFrom>.x</NameFrom><CompilerName>Rpcgen Compiler.sc</CompilerName><Makefile>AIX</Makefile><ToDir>Intermediate</ToDir><OptionGroup><GroupName>Rule Options</GroupName><Type>2</Type><Options><Flag>$(BLD_OPTIONS_A)</Flag><Type>25</Type></Options></OptionGroup></Rules><Rules><ParentBuildTask>Compile</ParentBuildTask><TargetExt>.o</TargetExt><SourceExts>.c .h</SourceExts><NameFrom>.c</NameFrom><CompilerName>AIX C and Cpp Compiler.sc</CompilerName><Makefile>AIX</Makefile><ToDir>Intermediate</ToDir><OptionGroup><GroupName>Rule Options</GroupName><Type>2</Type><Options><Flag>xlc</Flag><Type>25</Type></Options><Options><Flag>-qcpluscmt</Flag><Type>25</Type></Options><Options><Flag>-qidirfirst</Flag><Type>25</Type></Options><Options><Flag>$(BLD_OPTIONS_A)</Flag><Type>25</Type></Options><Options><Flag>-g</Flag><Type>17</Type></Options></OptionGroup></Rules><Rules><ParentBuildTask>Compile</ParentBuildTask><TargetExt>.c</TargetExt><SourceExts>.x </SourceExts><NameFrom>.x</NameFrom><CompilerName>Rpcgen Compiler.sc</CompilerName><Makefile>AIX</Makefile><ToDir>Intermediate</ToDir><OptionGroup><GroupName>Rule Options</GroupName><Type>2</Type><Options><Flag>$(BLD_OPTIONS_A)</Flag><Type>25</Type></Options></OptionGroup></Rules><Rules><ParentBuildTask>Compile</ParentBuildTask><TargetExt>.o</TargetExt><SourceExts>.cpp .h</SourceExts><NameFrom>.cpp</NameFrom><CompilerName>AIX C and Cpp Compiler.sc</CompilerName><Makefile>AIX</Makefile><ToDir>Intermediate</ToDir><OptionGroup><GroupName>Rule Options</GroupName><Type>2</Type><Options><Flag>cc</Flag><Type>25</Type></Options><Options><Flag>-qidirfirst</Flag><Type>25</Type></Options><Options><Flag>$(BLD_OPTIONS_A)</Flag><Type>25</Type></Options><Options><Flag>-g</Flag><Type>17</Type></Options></OptionGroup></Rules><Rules><ParentBuildTask>Link</ParentBuildTask><TargetExt>.noext</TargetExt><SourceExts>.a .o .so </SourceExts><NameFrom>Final Target</NameFrom><CompilerName>AIX C and Cpp Linker.sc</CompilerName><Makefile>AIX</Makefile><ToDir>Final Target</ToDir><OptionGroup><GroupName>Rule Options</GroupName><Type>2</Type><Options><Flag>buildclient</Flag><Type>25</Type></Options><Options><Flag>-v</Flag><Type>25</Type></Options><Options><Flag>-f</Flag><Type>25</Type></Options><Options><Flag>-L$ORACLE_HOME/lib</Flag><Type>25</Type></Options><Options><Flag>$(BLD_OPTIONS_C)</Flag><Type>25</Type></Options></OptionGroup></Rules></BuildType>