<?xml version="1.0"?>
<BuildType><OperatingSystem>AIX</OperatingSystem><Name>Visual Age C Project Executable</Name><TaskType></TaskType><Description>Creates an executable target from the .icc project file.  The .icc files is scanned to see if any source code has changed compared to the executable being created.</Description><FinalTargetExt>.noext</FinalTargetExt><BuildTasks><Name>Compile</Name><Description>The compile step runs a script that will initiate the Visual Age C compile and linker via a command line Visual Age C Project build.</Description><OptionGroups><GroupName>Build Task Options</GroupName><Type>1</Type></OptionGroups></BuildTasks><Rules><ParentBuildTask>Compile</ParentBuildTask><TargetExt>.noext</TargetExt><SourceExts>.icc .c .cpp .a .exp .so .h</SourceExts><NameFrom>Final Target</NameFrom><CompilerName>Visual Age C Project Compiler.sc</CompilerName><Makefile>AIX</Makefile><ToDir>Final Target</ToDir><OptionGroup><GroupName>Rule Options</GroupName><Type>2</Type></OptionGroup></Rules></BuildType>
