<?xml version="1.0"?>
<BuildType><Version>6.3</Version><OperatingSystem>AIX</OperatingSystem><Name>Yacc C Header File</Name><TaskType></TaskType><Description>Used to generate a C source header file from a yacc source file when the C file needs to have a different name from the yacc file.

There is also a Build Task under available tasks with the same rule that can be imported into any build service that compiles C code.</Description><FinalTargetExt>.h</FinalTargetExt><BuildTasks><Name>Precompile</Name><Description>Used to generate a C source header file from a yacc source file when the C file needs to have a different name from the yacc file.

There is also a Build Task under available tasks with the same rule that can be imported into any build service that compiles C code.</Description><OptionGroups><GroupName>Build Task Options</GroupName><Type>1</Type></OptionGroups></BuildTasks><Rules><ParentBuildTask>Precompile</ParentBuildTask><TargetExt>.h</TargetExt><SourceExts>.y</SourceExts><NameFrom>Final Target</NameFrom><CompilerName>Yacc Header Generate.sc</CompilerName><Makefile>Solaris</Makefile><ToDir>Final Target</ToDir><OptionGroup><GroupName>Rule Options</GroupName><Type>2</Type></OptionGroup></Rules></BuildType>
