<?xml version="1.0"?>
<BuildType><Version>6.3</Version><OperatingSystem>HP-UX</OperatingSystem><Name>Archive Library</Name><TaskType></TaskType><Description>An archive library is created by compiling source code into object files and the bundling the object files with the ar program.</Description><FinalTargetExt>.a</FinalTargetExt><BuildTasks><Name>Compile</Name><Description>C  source files are compiled into object files.  The object files are passed to the Archive Build Task.</Description><OptionGroups><GroupName>Build Task Options</GroupName><Type>1</Type></OptionGroups></BuildTasks><BuildTasks><Name>Archive</Name><Description>Object files created by the Compile Build Task are bundled into an archive library using the ar program.</Description><OptionGroups><GroupName>Build Task Options</GroupName><Type>1</Type></OptionGroups></BuildTasks><Rules><ParentBuildTask>Compile</ParentBuildTask><TargetExt>.o</TargetExt><SourceExts>.c</SourceExts><NameFrom>.c</NameFrom><CompilerName>HP-UX C and Cpp Compiler.sc</CompilerName><Makefile>HP-UX</Makefile><ToDir>Intermediate</ToDir><OptionGroup><GroupName>Rule Options</GroupName><Type>2</Type><Options><Flag>$(BLD_OPTIONS_A)</Flag><Type>25</Type></Options><Options><Flag>-g</Flag><Type>17</Type></Options><Options><Flag>aCC</Flag><Type>25</Type></Options></OptionGroup></Rules><Rules><ParentBuildTask>Compile</ParentBuildTask><TargetExt>.o</TargetExt><SourceExts>.cc</SourceExts><NameFrom>.cc</NameFrom><CompilerName>HP-UX C and Cpp Compiler.sc</CompilerName><Makefile>HP-UX</Makefile><ToDir>Intermediate</ToDir><OptionGroup><GroupName>Rule Options</GroupName><Type>2</Type><Options><Flag>$(BLD_OPTIONS_A)</Flag><Type>25</Type></Options><Options><Flag>-Aa</Flag><Type>25</Type></Options><Options><Flag>-g</Flag><Type>17</Type></Options><Options><Flag>aCC</Flag><Type>25</Type></Options></OptionGroup></Rules><Rules><ParentBuildTask>Compile</ParentBuildTask><TargetExt>.o</TargetExt><SourceExts>.cpp</SourceExts><NameFrom>.cpp</NameFrom><CompilerName>HP-UX C and Cpp Compiler.sc</CompilerName><Makefile>HP-UX</Makefile><ToDir>Intermediate</ToDir><OptionGroup><GroupName>Rule Options</GroupName><Type>2</Type><Options><Flag>$(BLD_OPTIONS_A)</Flag><Type>25</Type></Options><Options><Flag>-Aa</Flag><Type>25</Type></Options><Options><Flag>-g</Flag><Type>17</Type></Options><Options><Flag>aCC</Flag><Type>25</Type></Options></OptionGroup></Rules><Rules><ParentBuildTask>Compile</ParentBuildTask><TargetExt>.o</TargetExt><SourceExts>.cxx</SourceExts><NameFrom>.cxx</NameFrom><CompilerName>HP-UX C and Cpp Compiler.sc</CompilerName><Makefile>HP-UX</Makefile><ToDir>Intermediate</ToDir><OptionGroup><GroupName>Rule Options</GroupName><Type>2</Type><Options><Flag>$(BLD_OPTIONS_A)</Flag><Type>25</Type></Options><Options><Flag>-Aa</Flag><Type>25</Type></Options><Options><Flag>-g</Flag><Type>17</Type></Options><Options><Flag>aCC</Flag><Type>25</Type></Options></OptionGroup></Rules><Rules><ParentBuildTask>Archive</ParentBuildTask><TargetExt>.a</TargetExt><SourceExts>.o</SourceExts><NameFrom>Final Target</NameFrom><CompilerName>HP-UX Ar Archiver.sc</CompilerName><Makefile>HP-UX</Makefile><ToDir>Final Target</ToDir><OptionGroup><GroupName>Rule Options</GroupName><Type>2</Type><Options><Flag>ar rv</Flag><Type>25</Type></Options></OptionGroup></Rules></BuildType>