<?xml version="1.0"?>
<BuildType><Version>6.3</Version><OperatingSystem>HP-UX</OperatingSystem><Name>GNU Archive Library</Name><Description>Compiles source code with the gcc compiler and bundles the objects into an archive library using the GNU ar program.</Description><FinalTargetExt>.a</FinalTargetExt><BuildTasks><Name>Pre-Compile</Name><Description>C source files are generated using the Oracle proc compilers.  The generated source files are compiled by the Compile Build Task.</Description><OptionGroups><GroupName>Build Task Options</GroupName><Type>1</Type></OptionGroups></BuildTasks><BuildTasks><Name>Compile</Name><Description>The gcc program is used to compile object files from C and C++ source code.</Description><OptionGroups><GroupName>Build Task Options</GroupName><Type>1</Type></OptionGroups></BuildTasks><BuildTasks><Name>Archive</Name><Description>This Build Task takes objects compiled in the Compile Build Task and bundles them using the GNU ar program.</Description><OptionGroups><GroupName>Build Task Options</GroupName><Type>1</Type></OptionGroups></BuildTasks><Rules><ParentBuildTask>Pre-Compile</ParentBuildTask><TargetExt>.c</TargetExt><SourceExts>.pc</SourceExts><NameFrom>.pc</NameFrom><CompilerName>Oracle Proc Compiler.sc</CompilerName><Makefile>HP-UX</Makefile><ToDir>Intermediate</ToDir><OptionGroup><GroupName>Rule Options</GroupName><Type>2</Type><Options><Flag>proc parse=none ireclen=132 mode=oracle sqlcheck=full maxopencursors=50 hold_cursor=YES release_cursor=NO $(BLD_OPTIONS_B)</Flag><Type>25</Type></Options><Options><Flag>proc</Flag><Type>153</Type><Description></Description></Options><Options><Flag>parse=none </Flag><Type>153</Type><Description></Description></Options><Options><Flag>ireclen=132</Flag><Type>153</Type><Description></Description></Options><Options><Flag>mode=oracle</Flag><Type>153</Type><Description></Description></Options><Options><Flag>sqlcheck=full</Flag><Type>153</Type><Description></Description></Options><Options><Flag>maxopencursors=50</Flag><Type>153</Type><Description></Description></Options><Options><Flag>hold_cursor=YES</Flag><Type>153</Type><Description></Description></Options><Options><Flag>release_cursor=NO</Flag><Type>153</Type><Description></Description></Options><Options><Flag>$(BLD_OPTIONS_B)</Flag><Type>153</Type><Description></Description></Options></OptionGroup></Rules><Rules><ParentBuildTask>Compile</ParentBuildTask><TargetExt>.o</TargetExt><SourceExts>.c .h</SourceExts><NameFrom>.c</NameFrom><CompilerName>GNU gcc Compiler.sc</CompilerName><Makefile>HP-UX</Makefile><ToDir>Intermediate</ToDir><OptionGroup><GroupName>Rule Options</GroupName><Type>2</Type><Options><Flag>gcc</Flag><Type>25</Type></Options><Options><Flag>$(BLD_OPTIONS_A)</Flag><Type>25</Type></Options><Options><Flag>-g</Flag><Type>17</Type></Options></OptionGroup></Rules><Rules><ParentBuildTask>Compile</ParentBuildTask><TargetExt>.o</TargetExt><SourceExts>.cc .h</SourceExts><NameFrom>.cc</NameFrom><CompilerName>GNU gcc Compiler.sc</CompilerName><Makefile>HP-UX</Makefile><ToDir>Intermediate</ToDir><OptionGroup><GroupName>Rule Options</GroupName><Type>2</Type><Options><Flag>gcc</Flag><Type>25</Type></Options><Options><Flag>$(BLD_OPTIONS_A)</Flag><Type>25</Type></Options><Options><Flag>-g</Flag><Type>17</Type></Options></OptionGroup></Rules><Rules><ParentBuildTask>Compile</ParentBuildTask><TargetExt>.o</TargetExt><SourceExts>.cpp .h</SourceExts><NameFrom>.cpp</NameFrom><CompilerName>GNU gcc Compiler.sc</CompilerName><Makefile>HP-UX</Makefile><ToDir>Intermediate</ToDir><OptionGroup><GroupName>Rule Options</GroupName><Type>2</Type><Options><Flag>gcc</Flag><Type>25</Type></Options><Options><Flag>$(BLD_OPTIONS_A)</Flag><Type>25</Type></Options><Options><Flag>-g</Flag><Type>17</Type></Options></OptionGroup></Rules><Rules><ParentBuildTask>Compile</ParentBuildTask><TargetExt>.o</TargetExt><SourceExts>.cxx .h</SourceExts><NameFrom>.cxx</NameFrom><CompilerName>GNU gcc Compiler.sc</CompilerName><Makefile>HP-UX</Makefile><ToDir>Intermediate</ToDir><OptionGroup><GroupName>Rule Options</GroupName><Type>2</Type><Options><Flag>gcc</Flag><Type>25</Type></Options><Options><Flag>$(BLD_OPTIONS_A)</Flag><Type>25</Type></Options><Options><Flag>-g</Flag><Type>17</Type></Options></OptionGroup></Rules><Rules><ParentBuildTask>Archive</ParentBuildTask><TargetExt>.a</TargetExt><SourceExts>.o</SourceExts><NameFrom>Final Target</NameFrom><CompilerName>GNU Ar Archiver.sc</CompilerName><Makefile>HP-UX</Makefile><ToDir>Final Target</ToDir><OptionGroup><GroupName>Rule Options</GroupName><Type>2</Type><Options><Flag>ar rv</Flag><Type>25</Type></Options></OptionGroup></Rules></BuildType>