<?xml version="1.0" encoding="UTF-8"?>
<BuildType><Version>6.3</Version><OperatingSystem>HP-UX</OperatingSystem><Name>AcuCobol Executable</Name><TaskType></TaskType><Description>Creates a standard executable using the AcuCOBOL CCBL or CCBL32 compiler.</Description><FinalTargetExt>.compiled</FinalTargetExt><BuildTasks><Name>Compile</Name><Description>This Build Task compiles source code into object files.</Description><OptionGroups><GroupName>Build Task Options</GroupName><Type>1</Type></OptionGroups></BuildTasks><Rules><ParentBuildTask>Compile</ParentBuildTask><TargetExt>.compiled</TargetExt><SourceExts>.cob .cbl</SourceExts><NameFrom>Final Target</NameFrom><CompilerName>AcuCobol Cobol Compiler.sc</CompilerName><Makefile>Windows</Makefile><ToDir>Final Target</ToDir><OptionGroup><GroupName>Rule Options</GroupName><Type>2</Type><Options><Flag>ccbl</Flag><Type>153</Type><Description></Description></Options></OptionGroup></Rules></BuildType>