<?xml version="1.0" encoding="UTF-8"?>
<BuildType><Version>6.3</Version><OperatingSystem>HP-UX</OperatingSystem><Name>AcuCobol 32 Executable</Name><TaskType></TaskType><Description>Creates a standard executable using the AcuCOBOL CCBL or CCBL32 compiler.</Description><FinalTargetExt>.compiled</FinalTargetExt><BuildTasks><Name>Compile</Name><Description>This Build Task compiles source code into object files.</Description><OptionGroups><GroupName>Build Task Options</GroupName><Type>1</Type></OptionGroups></BuildTasks><Rules><ParentBuildTask>Compile</ParentBuildTask><TargetExt>.compiled</TargetExt><SourceExts>.cob .cbl</SourceExts><NameFrom>Final Target</NameFrom><CompilerName>AcuCobol Cobol Compiler.sc</CompilerName><Makefile>Windows</Makefile><ToDir>Final Target</ToDir><OptionGroup><GroupName>Rule Options</GroupName><Type>2</Type><Options><Flag>-e</Flag><Type>154</Type><Parameter>.\COMPILE_ERRORS.LST</Parameter><Description>Error output to named file</Description></Options><Options><Flag>-x</Flag><Type>152</Type><Description>Ignore CBLFLAGS environment</Description></Options><Options><Flag>-Dmciz</Flag><Type>152</Type><Description></Description></Options><Options><Flag>-Za52</Flag><Type>152</Type><Description>Check array bounds at runtime</Description></Options><Options><Flag>-Ll</Flag><Type>154</Type><Parameter>0</Parameter><Description>Set page length</Description></Options></OptionGroup></Rules></BuildType>