<?xml version="1.0"?>
<BuildType>
   <Version>6.3</Version>
   <OperatingSystem>HP-UX</OperatingSystem>
   <Name>Executable</Name>
   <Description>Creates an executable target from .c code using the default c compiler. It is broken into two tasks; Compile and Link. The Compile Build Task converts source code to .o object files. The Link Task links .o object files and libraries to create the Final Target executable.</Description>
   <FinalTargetExt>.noext</FinalTargetExt>
   <BuildTasks>
      <Name>Compile</Name>
      <Description>The Compile Build Task converts C source code to .o object files by calling the default c compiler. Remote procedure calls (RPCs) can be generated through the rpcgen compiler.</Description>
      <OptionGroups>
         <GroupName>Build Task Options</GroupName>
         <Type>1</Type>
      </OptionGroups>
   </BuildTasks>
   <BuildTasks>
      <Name>Link</Name>
      <Description>The Link task links .o object files and libraries together to create the Final Target Executable. The Link Build Task calls the default linker (typically ld).</Description>
      <OptionGroups>
         <GroupName>Build Task Options</GroupName>
         <Type>1</Type>
      </OptionGroups>
   </BuildTasks>
   <Rules>
      <ParentBuildTask>Compile</ParentBuildTask>
      <TargetExt>.o</TargetExt>
      <SourceExts>.c</SourceExts>
      <NameFrom>.c</NameFrom>
      <CompilerName>HP-UX C and Cpp Compiler.sc</CompilerName>
      <Makefile>HP-UX</Makefile>
      <ToDir>Intermediate</ToDir>
      <OptionGroup>
         <GroupName>Rule Options</GroupName>
         <Type>2</Type>
      </OptionGroup>
   </Rules>
   <Rules>
      <ParentBuildTask>Compile</ParentBuildTask>
      <TargetExt>.o</TargetExt>
      <SourceExts>.cc</SourceExts>
      <NameFrom>.cc</NameFrom>
      <CompilerName>HP-UX C and Cpp Compiler.sc</CompilerName>
      <Makefile>HP-UX</Makefile>
      <ToDir>Intermediate</ToDir>
      <OptionGroup>
         <GroupName>Rule Options</GroupName>
         <Type>2</Type>
      </OptionGroup>
   </Rules>
   <Rules>
      <ParentBuildTask>Compile</ParentBuildTask>
      <TargetExt>.o</TargetExt>
      <SourceExts>.cpp</SourceExts>
      <NameFrom>.cpp</NameFrom>
      <CompilerName>HP-UX C and Cpp Compiler.sc</CompilerName>
      <Makefile>HP-UX</Makefile>
      <ToDir>Intermediate</ToDir>
      <OptionGroup>
         <GroupName>Rule Options</GroupName>
         <Type>2</Type>
      </OptionGroup>
   </Rules>
   <Rules>
      <ParentBuildTask>Compile</ParentBuildTask>
      <TargetExt>.o</TargetExt>
      <SourceExts>.cxx</SourceExts>
      <NameFrom>.cxx</NameFrom>
      <CompilerName>HP-UX C and Cpp Compiler.sc</CompilerName>
      <Makefile>HP-UX</Makefile>
      <ToDir>Intermediate</ToDir>
      <OptionGroup>
         <GroupName>Rule Options</GroupName>
         <Type>2</Type>
      </OptionGroup>
   </Rules>
   <Rules>
      <ParentBuildTask>Link</ParentBuildTask>
      <TargetExt>.noext</TargetExt>
      <SourceExts>.a .o .sl .a .o .so</SourceExts>
      <NameFrom>Final Target</NameFrom>
      <CompilerName>HP-UX C and Cpp Linker.sc</CompilerName>
      <Makefile>HP-UX</Makefile>
      <ToDir>Final Target</ToDir>
      <OptionGroup>
         <GroupName>Rule Options</GroupName>
         <Type>2</Type>
      </OptionGroup>
   </Rules>
</BuildType>
