<?xml version="1.0"?>
<BuildType><Version>6.3</Version><OperatingSystem>HP-UX</OperatingSystem><Name>LD Shared Library</Name><TaskType></TaskType><Description>This shared library explicitly uses ld in the Link Build Task.  The shared library is created by using the ar command to format the final object.  cc or aCC is used to compile the source code.</Description><FinalTargetExt>.sl</FinalTargetExt><BuildTasks><Name>Compile</Name><Description>The cc compiler is used to compile source code into object files.</Description><OptionGroups><GroupName>Build Task Options</GroupName><Type>1</Type></OptionGroups></BuildTasks><BuildTasks><Name>Link</Name><Description>ld is used to create a shared object and the ar program is then used to format it.</Description><OptionGroups><GroupName>Build Task Options</GroupName><Type>1</Type></OptionGroups></BuildTasks><Rules><ParentBuildTask>Compile</ParentBuildTask><TargetExt>.o</TargetExt><SourceExts>.c</SourceExts><NameFrom>.c</NameFrom><CompilerName>HP-UX C and Cpp Compiler.sc</CompilerName><Makefile>HP-UX</Makefile><ToDir>Intermediate</ToDir><OptionGroup><GroupName>Rule Options</GroupName><Type>2</Type><Options><Flag>$(BLD_OPTIONS_A)</Flag><Type>25</Type></Options><Options><Flag>+DA1.1</Flag><Type>25</Type></Options><Options><Flag>+z</Flag><Type>25</Type></Options><Options><Flag>-g</Flag><Type>17</Type></Options><Options><Flag>-O</Flag><Type>25</Type></Options><Options><Flag>cc</Flag><Type>25</Type></Options></OptionGroup></Rules><Rules><ParentBuildTask>Link</ParentBuildTask><TargetExt>.sl</TargetExt><SourceExts>.o .a</SourceExts><NameFrom>Final Target</NameFrom><CompilerName>HP-UX C and Cpp Linker.sc</CompilerName><Makefile>HP-UX</Makefile><ToDir>Final Target</ToDir><OptionGroup><GroupName>Rule Options</GroupName><Type>2</Type><Options><Flag>$(BLD_OPTIONS_C)</Flag><Type>25</Type></Options><Options><Flag>+s </Flag><Type>25</Type></Options><Options><Flag>-b</Flag><Type>25</Type></Options><Options><Flag>-Bsymbolic</Flag><Type>25</Type></Options><Options><Flag>-g</Flag><Type>17</Type></Options><Options><Flag>ld</Flag><Type>25</Type></Options></OptionGroup></Rules></BuildType>