<?xml version="1.0"?>
<BuildType><Version>6.3</Version><OperatingSystem>HP-UX</OperatingSystem><Name>Lex C Header File</Name><TaskType></TaskType><Description>Used to generate a C source header file from a lex source file when the C file needs to have a different name from the Lex file.

There is also a Build Task under available tasks with the same rule that can be imported into any build service that compiles C code.</Description><FinalTargetExt>.h</FinalTargetExt><BuildTasks><Name>Precompile</Name><Description>Used to generate a C source header file from a lex source file when the C file needs to have a different name from the Lex file.

The flex parser can be called instead of the default 'lex' by passing 'flex' as an option or using the Flex Option Group.

There is also a Build Task under available tasks with the same rule that can be imported into any build service that compiles C code.</Description><OptionGroups><GroupName>Build Task Options</GroupName><Type>1</Type></OptionGroups><OptionGroups><GroupName>Lex</GroupName><Type>1</Type><Description></Description></OptionGroups><OptionGroups><GroupName>Flex</GroupName><Type>1</Type><Description></Description><Options><Flag>flex</Flag><Type>89</Type><Description></Description></Options></OptionGroups></BuildTasks><Rules><ParentBuildTask>Precompile</ParentBuildTask><TargetExt>.h</TargetExt><SourceExts>.l</SourceExts><NameFrom>Final Target</NameFrom><CompilerName>Lex.sc</CompilerName><Makefile>Solaris</Makefile><ToDir>Final Target</ToDir><OptionGroup><GroupName>Rule Options</GroupName><Type>2</Type></OptionGroup></Rules></BuildType>
