<?xml version="1.0"?>
<BuildType><Version>6.3</Version><OperatingSystem>HP-UX</OperatingSystem><Name>Oracle TDF Report</Name><TaskType></TaskType><Description>Uses the Oracle Reports compiler, rwcon60, to create TDF reports.  .rdf and .rex files may also be created.</Description><FinalTargetExt>.tdf</FinalTargetExt><BuildTasks><Name>Compile</Name><Description>Uses the Oracle Reports compiler, rwcon60, to create TDF reports.  .rdf and .rex files may also be created.</Description><OptionGroups><GroupName>Build Task Options</GroupName><Type>1</Type></OptionGroups></BuildTasks><Rules><ParentBuildTask>Compile</ParentBuildTask><TargetExt>.rdf</TargetExt><SourceExts>.pll .pld .rex .xml</SourceExts><NameFrom>Final Target</NameFrom><CompilerName>Oracle Reports Compiler.sc</CompilerName><Makefile>HP-UX</Makefile><ToDir>Final Target</ToDir><OptionGroup><GroupName>Rule Options</GroupName><Type>2</Type><Options><Flag>BATCH=YES</Flag><Type>25</Type></Options><Options><Flag>OVERWRITE=YES</Flag><Type>25</Type></Options><Options><Flag>$(BLD_OPTIONS_B)</Flag><Type>25</Type></Options></OptionGroup></Rules><Rules><ParentBuildTask>Compile</ParentBuildTask><TargetExt>.rex</TargetExt><SourceExts>.pld .pll .rdf .xml</SourceExts><NameFrom>Final Target</NameFrom><CompilerName>Oracle Reports Compiler.sc</CompilerName><Makefile>HP-UX</Makefile><ToDir>Final Target</ToDir><OptionGroup><GroupName>Rule Options</GroupName><Type>2</Type><Options><Flag>OVERWRITE=YES</Flag><Type>25</Type></Options><Options><Flag>BATCH=YES</Flag><Type>25</Type></Options><Options><Flag>$(BLD_OPTIONS_B)</Flag><Type>25</Type></Options></OptionGroup></Rules><Rules><ParentBuildTask>Compile</ParentBuildTask><TargetExt>.tdf</TargetExt><SourceExts>.pld .pll .rdf .rex .xml</SourceExts><NameFrom>Final Target</NameFrom><CompilerName>Oracle Reports Compiler.sc</CompilerName><Makefile>HP-UX</Makefile><ToDir>Final Target</ToDir><OptionGroup><GroupName>Rule Options</GroupName><Type>2</Type><Options><Flag>BATCH=YES</Flag><Type>25</Type></Options><Options><Flag>OVERWRITE=YES</Flag><Type>25</Type></Options><Options><Flag>$(BLD_OPTIONS_B)</Flag><Type>25</Type></Options></OptionGroup></Rules></BuildType>