<?xml version="1.0"?>
<BuildType><Version>6.3</Version><OperatingSystem>HP-UX</OperatingSystem><Name>Shared Library</Name><Description>Creates a standard shared library with .so extension by using cc and aCC to compile and link C and C++ programs.  </Description><FinalTargetExt>.sl</FinalTargetExt><BuildTasks><Name>Compile</Name><Description>cc is used to compile source code into object files.</Description><OptionGroups><GroupName>Build Task Options</GroupName><Type>1</Type></OptionGroups></BuildTasks><BuildTasks><Name>Link</Name><Description>cc is used to link the object files and the ar is run to format the object into a shared library.</Description><OptionGroups><GroupName>Build Task Options</GroupName><Type>1</Type></OptionGroups></BuildTasks><Rules><ParentBuildTask>Compile</ParentBuildTask><TargetExt>.o</TargetExt><SourceExts>.c</SourceExts><NameFrom>.c</NameFrom><CompilerName>HP-UX C and Cpp Compiler.sc</CompilerName><Makefile>HP-UX</Makefile><ToDir>Intermediate</ToDir><OptionGroup><GroupName>Rule Options</GroupName><Type>2</Type><Options><Flag>$(BLD_OPTIONS_A)</Flag><Type>25</Type></Options><Options><Flag>-g</Flag><Type>17</Type></Options><Options><Flag>aCC</Flag><Type>25</Type></Options></OptionGroup></Rules><Rules><ParentBuildTask>Compile</ParentBuildTask><TargetExt>.o</TargetExt><SourceExts>.cc</SourceExts><NameFrom>.cc</NameFrom><CompilerName>HP-UX C and Cpp Compiler.sc</CompilerName><Makefile>HP-UX</Makefile><ToDir>Intermediate</ToDir><OptionGroup><GroupName>Rule Options</GroupName><Type>2</Type><Options><Flag>$(BLD_OPTIONS_A)</Flag><Type>25</Type></Options><Options><Flag>-Aa</Flag><Type>25</Type></Options><Options><Flag>-g</Flag><Type>17</Type></Options><Options><Flag>aCC</Flag><Type>25</Type></Options></OptionGroup></Rules><Rules><ParentBuildTask>Compile</ParentBuildTask><TargetExt>.o</TargetExt><SourceExts>.cpp</SourceExts><NameFrom>Final Target</NameFrom><CompilerName>HP-UX C and Cpp Compiler.sc</CompilerName><Makefile>HP-UX</Makefile><ToDir>Intermediate</ToDir><OptionGroup><GroupName>Rule Options</GroupName><Type>2</Type><Options><Flag>$(BLD_OPTIONS_A)</Flag><Type>25</Type></Options><Options><Flag>-Aa</Flag><Type>25</Type></Options><Options><Flag>-g</Flag><Type>17</Type></Options><Options><Flag>aCC</Flag><Type>25</Type></Options></OptionGroup></Rules><Rules><ParentBuildTask>Compile</ParentBuildTask><TargetExt>.o</TargetExt><SourceExts>.cxx</SourceExts><NameFrom>.cxx</NameFrom><CompilerName>HP-UX C and Cpp Compiler.sc</CompilerName><Makefile>HP-UX</Makefile><ToDir>Intermediate</ToDir><OptionGroup><GroupName>Rule Options</GroupName><Type>2</Type><Options><Flag>$(BLD_OPTIONS_A)</Flag><Type>25</Type></Options><Options><Flag>-Aa</Flag><Type>25</Type></Options><Options><Flag>-g</Flag><Type>17</Type></Options><Options><Flag>aCC</Flag><Type>25</Type></Options></OptionGroup></Rules><Rules><ParentBuildTask>Link</ParentBuildTask><TargetExt>.sl</TargetExt><SourceExts>.o .a</SourceExts><NameFrom>Final Target</NameFrom><CompilerName>HP-UX C and Cpp Linker.sc</CompilerName><Makefile>HP-UX</Makefile><ToDir>Final Target</ToDir><OptionGroup><GroupName>Rule Options</GroupName><Type>2</Type><Options><Flag>$(BLD_OPTIONS_C)</Flag><Type>25</Type></Options><Options><Flag>-Aa</Flag><Type>25</Type></Options><Options><Flag>-g</Flag><Type>17</Type></Options><Options><Flag>aCC</Flag><Type>25</Type></Options></OptionGroup></Rules></BuildType>