<?xml version="1.0" encoding="UTF-8"?>
<ActivityDescriptor>
	<Name>Archiva Dependency Resolver</Name>
	<Adapter>Meister</Adapter>
	<Command>perl -S omarchiva.pl 'URL' 'BUILDCONTROLFILE'</Command>
	<DefaultLabel>Archiva Dependency Resolver for $(JOB_NAME)</DefaultLabel>
	<DefaultView>2</DefaultView>
	<GUIComponents>
		<type>2</type>
		<label>Archiva Repository URL:</label>
		<replacePattern>'URL'</replacePattern>
		<editable>true</editable>
		<required>TRUE</required>
		<value></value>
	</GUIComponents>
	<GUIComponents>
		<type>2</type>
		<label>Build Control File:</label>
		<replacePattern>'BUILDCONTROLFILE'</replacePattern>
		<editable>true</editable>
		<required>true</required>
		<value></value>
	</GUIComponents>
	<GUIComponents>
		<type>32</type>
		<label>Resolved Command:</label>
		<replacePattern></replacePattern>
		<editable>false</editable>
		<required>true</required>
		<value></value>
	</GUIComponents>
</ActivityDescriptor>
