<?xml version="1.0" encoding="UTF-8"?>
<ActivityDescriptor><Name>Build and Publish</Name><Adapter>Workflow Service</Adapter><DefaultLabel>Build and Publish for $(JOB_NAME)</DefaultLabel><Command>java -cp &quot;$(OPENMAKE_HOME)/client/bin/omcmdline.jar&quot; com.openmake.cmdline.Main -BUILD &quot;workflow services/Build and Publish&quot;[INCLUDED_BUILDDIR=&quot;$(BUILD_DIRECTORY)&quot;,PROJECT=&quot;'PROJECT'&quot;,DEPENDENCY_DIRECTORY=&quot;'DEPENDENCY_DIRECTORY'&quot;,TARGETS=&quot;'TARGETS'&quot;,BLDMAKE_OPTIONS=&quot;'BLDMAKE_OPTIONS'&quot;,OM_OPTIONS=&quot;'OM_OPTIONS'&quot;,VARIABLES=&quot;'VARIABLES'&quot;,PACKAGE_FILE=&quot;'PACKAGE_FILE'&quot;,PACKAGE_LOCATION=&quot;'PACKAGE_LOCATION'&quot;,FILES_TO_PACKAGE=&quot;'FILES_TO_PACKAGE'&quot;,BUILD_CONTROL_FILES=&quot;'BUILD_CONTROL_FILES'&quot;,OTHER_FILES_TO_PUBLISH=&quot;'OTHER_FILES_TO_PUBLISH'&quot;]</Command><DefaultView>2</DefaultView><GUIComponents><type>2</type><label> Project:</label><replacePattern>'PROJECT'</replacePattern><editable>true</editable><required>false</required><value>$(PROJECT)</value></GUIComponents><GUIComponents><type>2</type><label> Dependency Directory:</label><replacePattern>'DEPENDENCY_DIRECTORY'</replacePattern><editable>true</editable><required>false</required><value>$(DEPENDENCY_DIRECTORY)</value></GUIComponents><GUIComponents><type>2</type><label> Targets:</label><replacePattern>'TARGETS'</replacePattern><editable>true</editable><required>false</required><value>$(TARGETS)</value></GUIComponents><GUIComponents><type>2</type><label> Bldmake Options:</label><replacePattern>'BLDMAKE_OPTIONS'</replacePattern><editable>true</editable><required>false</required><value>$(BLDMAKE_OPTIONS)</value></GUIComponents><GUIComponents><type>2</type><label> Om Options:</label><replacePattern>'OM_OPTIONS'</replacePattern><editable>true</editable><required>false</required><value>$(OM_OPTIONS)</value></GUIComponents><GUIComponents><type>2</type><label> Variables:</label><replacePattern>'VARIABLES'</replacePattern><editable>true</editable><required>false</required><value>$(VARIABLES)</value></GUIComponents><GUIComponents><type>2</type><label> Package File:</label><replacePattern>'PACKAGE_FILE'</replacePattern><editable>true</editable><required>false</required><value>$(PACKAGE_FILE)</value></GUIComponents><GUIComponents><type>2</type><label> Package Location:</label><replacePattern>'PACKAGE_LOCATION'</replacePattern><editable>true</editable><required>false</required><value>$(PACKAGE_LOCATION)</value></GUIComponents><GUIComponents><type>2</type><label> Files To Package:</label><replacePattern>'FILES_TO_PACKAGE'</replacePattern><editable>true</editable><required>false</required><value>$(FILES_TO_PACKAGE)</value></GUIComponents><GUIComponents><type>2</type><label> Build Control Files:</label><replacePattern>'BUILD_CONTROL_FILES'</replacePattern><editable>true</editable><required>false</required><value>$(BUILD_CONTROL_FILES)</value></GUIComponents><GUIComponents><type>2</type><label> Other Files To Publish:</label><replacePattern>'OTHER_FILES_TO_PUBLISH'</replacePattern><editable>true</editable><required>false</required><value>$(OTHER_FILES_TO_PUBLISH)</value></GUIComponents></ActivityDescriptor>