<?xml version="1.0" encoding="UTF-8"?>
<ActivityDescriptor>
   <Name>Checkout From Subversion with Credentials</Name>
   <Adapter>Subversion|CI</Adapter>
   <Command>svn checkout --username 'USER' --password 'PASS' 'URL'</Command>   
   <DefaultLabel>Checkout from Subversion with Credentials for $(JOB_NAME)</DefaultLabel> 
   <DefaultView>2</DefaultView>
   <GUIComponents>
     <type>2</type>
     <label>Username:</label>
     <replacePattern>'USER'</replacePattern>
     <editable>true</editable>
     <required>true</required>
     <value></value>
   </GUIComponents>
   <GUIComponents>
     <type>128</type>
     <label>Password:</label>
     <replacePattern>'PASS'</replacePattern>
     <editable>true</editable>
     <required>true</required>
     <value></value>
   </GUIComponents>
   <GUIComponents>
     <type>2</type>
     <label>URL:</label>
     <replacePattern>'URL'</replacePattern>
     <editable>true</editable>
     <required>true</required>
     <value></value>
   </GUIComponents>
   <GUIComponents>
     <type>32</type>
     <label>Resolved Command:</label>
     <replacePattern></replacePattern>
     <editable>false</editable>
     <required>true</required>
     <value></value>
   </GUIComponents>   
</ActivityDescriptor>
