<?xml version="1.0" encoding="UTF-8"?>
<ActivityDescriptor>
	<Name>Checkin To TFS</Name>
	<Adapter>Microsoft</Adapter>
	<DefaultLabel>Checkin to TFS for $(JOB_NAME)</DefaultLabel>
	<Command>tf checkin 'author' 'comment' 'notes' 'override' 'addtionalOptions' -noprompt 'filespec'</Command>
	<DefaultView>2</DefaultView>
	<GUIComponents>
		<type>2</type>
		<label>File Spec:</label>
		<replacePattern>'filespec'</replacePattern>
		<editable>true</editable>
		<required>false</required>
		<value></value>
	</GUIComponents>
	<GUIComponents>
		<type>2</type>
		<label>Comments or Comment File:</label>
		<replacePattern>'comment'</replacePattern>
		<editable>true</editable>
		<required>false</required>
		<value>[/comment:("comment"|@comment file)]</value>
	</GUIComponents>
	<GUIComponents>
		<type>2</type>
		<label>Notes or Notes File:</label>
		<replacePattern>'notes'</replacePattern>
		<editable>true</editable>
		<required>false</required>
		<value>[/notes:("Note Name"="note text"|@notefile)]</value>
	</GUIComponents>
	<GUIComponents>
		<type>2</type>
		<label>Override:</label>
		<replacePattern>'override'</replacePattern>
		<editable>true</editable>
		<required>false</required>
		<value>[/override:reasonfile|@reason]</value>
	</GUIComponents>
	<GUIComponents>
		<type>2</type>
		<label>Additonal Options:</label>
		<replacePattern>'additionalOptions'</replacePattern>
		<editable>true</editable>
		<required>false</required>
		<value>[/recursive] [/saved] [/validate]</value>
	</GUIComponents>
	<GUIComponents>
		<type>2</type>
		<label>Alternate Author:</label>
		<replacePattern>'author'</replacePattern>
		<editable>true</editable>
		<required>false</required>
		<value>[/author:author name]</value>
	</GUIComponents>
	<GUIComponents>
		<type>32</type>
		<label>Resolved Command:</label>
		<replacePattern></replacePattern>
		<editable>false</editable>
		<required>true</required>
		<value></value>
	</GUIComponents>
</ActivityDescriptor>
