<?xml version="1.0" encoding="UTF-8"?>
<ActivityDescriptor><Name>Checkout from CA SCM and Build</Name><Adapter>Workflow Service</Adapter><DefaultLabel>Checkout from CA SCM and Build for $(JOB_NAME)</DefaultLabel><Command>java -cp &quot;$(OPENMAKE_HOME)/client/bin/omcmdline.jar&quot; com.openmake.cmdline.Main -BUILD &quot;workflow services/Checkout from CA SCM and Build&quot;[INCLUDED_BUILDDIR=&quot;$(BUILD_DIRECTORY)&quot;,SCM_BROKER=&quot;'SCM_BROKER'&quot;,SCM_USER=&quot;'SCM_USER'&quot;,SCM_VIEWPATH=&quot;'SCM_VIEWPATH'&quot;,SCM_PROJECT=&quot;'SCM_PROJECT'&quot;,SCM_STATE=&quot;'SCM_STATE'&quot;,SCM_CLIENT_PATH=&quot;'SCM_CLIENT_PATH'&quot;,scm_password=&quot;'scm_password'&quot;,PROJECT=&quot;'PROJECT'&quot;,DEPENDENCY_DIRECTORY=&quot;'DEPENDENCY_DIRECTORY'&quot;,TARGETS=&quot;'TARGETS'&quot;,BLDMAKE_OPTIONS=&quot;'BLDMAKE_OPTIONS'&quot;,AUDIT_REPORT_NAME=&quot;'AUDIT_REPORT_NAME'&quot;,OM_OPTIONS=&quot;'OM_OPTIONS'&quot;,VARIABLES=&quot;'VARIABLES'&quot;]</Command><DefaultView>2</DefaultView><GUIComponents><type>2</type><label> Scm Broker:</label><replacePattern>'SCM_BROKER'</replacePattern><editable>true</editable><required>false</required><value>$(SCM_BROKER)</value></GUIComponents><GUIComponents><type>2</type><label> Scm User:</label><replacePattern>'SCM_USER'</replacePattern><editable>true</editable><required>false</required><value>$(SCM_USER)</value></GUIComponents><GUIComponents><type>2</type><label> Scm Viewpath:</label><replacePattern>'SCM_VIEWPATH'</replacePattern><editable>true</editable><required>false</required><value>$(SCM_VIEWPATH)</value></GUIComponents><GUIComponents><type>2</type><label> Scm Project:</label><replacePattern>'SCM_PROJECT'</replacePattern><editable>true</editable><required>false</required><value>$(SCM_PROJECT)</value></GUIComponents><GUIComponents><type>2</type><label> Scm State:</label><replacePattern>'SCM_STATE'</replacePattern><editable>true</editable><required>false</required><value>$(SCM_STATE)</value></GUIComponents><GUIComponents><type>2</type><label> Scm Client Path:</label><replacePattern>'SCM_CLIENT_PATH'</replacePattern><editable>true</editable><required>false</required><value>$(SCM_CLIENT_PATH)</value></GUIComponents><GUIComponents><type>128</type><label> Scm Password:</label><replacePattern>'scm_password'</replacePattern><editable>true</editable><required>false</required><value>$(scm_password)</value></GUIComponents><GUIComponents><type>2</type><label> Project:</label><replacePattern>'PROJECT'</replacePattern><editable>true</editable><required>false</required><value>$(PROJECT)</value></GUIComponents><GUIComponents><type>2</type><label> Dependency Directory:</label><replacePattern>'DEPENDENCY_DIRECTORY'</replacePattern><editable>true</editable><required>false</required><value>$(DEPENDENCY_DIRECTORY)</value></GUIComponents><GUIComponents><type>2</type><label> Targets:</label><replacePattern>'TARGETS'</replacePattern><editable>true</editable><required>false</required><value>$(TARGETS)</value></GUIComponents><GUIComponents><type>2</type><label> Bldmake Options:</label><replacePattern>'BLDMAKE_OPTIONS'</replacePattern><editable>true</editable><required>false</required><value>$(BLDMAKE_OPTIONS)</value></GUIComponents><GUIComponents><type>2</type><label> Audit Report Name:</label><replacePattern>'AUDIT_REPORT_NAME'</replacePattern><editable>true</editable><required>false</required><value>$(AUDIT_REPORT_NAME)</value></GUIComponents><GUIComponents><type>2</type><label> Om Options:</label><replacePattern>'OM_OPTIONS'</replacePattern><editable>true</editable><required>false</required><value>$(OM_OPTIONS)</value></GUIComponents><GUIComponents><type>2</type><label> Variables:</label><replacePattern>'VARIABLES'</replacePattern><editable>true</editable><required>false</required><value>$(VARIABLES)</value></GUIComponents></ActivityDescriptor>