<?xml version="1.0" encoding="UTF-8"?>
<ActivityDescriptor>
	<Name>Cleartool Remove Stream</Name>
	<Adapter>ClearCase</Adapter>
	<Command>cleartool rmstream -f stream:'stream'@'vob' 'options'</Command>
	<DefaultLabel>Remove Stream for $(JOB_NAME)</DefaultLabel>
	<DefaultView>2</DefaultView>
	<GUIComponents>
		<type>2</type>
		<label>Stream</label>
		<replacePattern>'stream'</replacePattern>
		<editable>true</editable>
		<required>false</required>
		<value></value>
	</GUIComponents>
	<GUIComponents>
		<type>2</type>
		<label>VOB</label>
		<replacePattern>'vob'</replacePattern>
		<editable>true</editable>
		<required>false</required>
		<value></value>
	</GUIComponents>
	<GUIComponents>
		<type>2</type>
		<label>Options</label>
		<replacePattern>'options'</replacePattern>
		<editable>true</editable>
		<required>false</required>
		<value></value>
	</GUIComponents>
	<GUIComponents>
		<type>32</type>
		<label>Resolved Command:</label>
		<replacePattern></replacePattern>
		<editable>false</editable>
		<required>true</required>
		<value></value>
	</GUIComponents>
</ActivityDescriptor>
