<?xml version="1.0" encoding="UTF-8"?>
<ActivityDescriptor>
	<Name>Cleartool Exec - Generate Meister Build Control File</Name>
	<Adapter>ClearCase</Adapter>
	<Command>cleartool -exec 'cleartoolArgs' "bldmake \\"'bldmakeProject'\\" \\"'bldmakeDependencyDirectory'\\" 'Options' $(LOG_ARGS)" "'viewName'"</Command>
	<DefaultLabel>Generate Meister Build Control File for $(JOB_NAME)</DefaultLabel>
	<DefaultView>2</DefaultView>
	<GUIComponents>
		<type>2</type>
		<label>cleartool Arguments</label>
		<replacePattern>'cleartoolArgs'</replacePattern>
		<editable>true</editable>
		<required>false</required>
		<value></value>
	</GUIComponents>
	<GUIComponents>
		<type>2</type>
		<label>ClearCase View Tag</label>
		<replacePattern>'viewName'</replacePattern>
		<editable>true</editable>
		<required>true</required>
		<value></value>
	</GUIComponents>
	<GUIComponents>
		<type>2</type>
		<label>bldmake Project</label>
		<replacePattern>'bldmakeProject'</replacePattern>
		<editable>true</editable>
		<required>true</required>
		<value></value>
	</GUIComponents>
	<GUIComponents>
		<type>2</type>
		<label>bldmake Dependency Directory</label>
		<replacePattern>'bldmakeDependencyDirectory'</replacePattern>
		<editable>true</editable>
		<required>true</required>
		<value></value>
	</GUIComponents>
	<GUIComponents>
		<type>2</type>
		<label>Options:</label>
		<replacePattern>'Options'</replacePattern>
		<editable>true</editable>
		<required>false</required>
		<value></value>
	</GUIComponents>
	<GUIComponents>
		<type>0</type>
		<label> -c  = Change current working directory</label>
		<replacePattern></replacePattern>
		<editable>false</editable>
		<required>true</required>
		<value></value>
	</GUIComponents>
	<GUIComponents>
		<type>0</type>
		<label> -f  = Use existing Build Control File for Project, Dependency Directory and Targets</label>
		<replacePattern></replacePattern>
		<editable>false</editable>
		<required>true</required>
		<value></value>
	</GUIComponents>
	<GUIComponents>
		<type>0</type>
		<label>  -m  = Build Control File output directory </label>
		<replacePattern></replacePattern>
		<editable>false</editable>
		<required>true</required>
		<value></value>
	</GUIComponents>
	<GUIComponents>
		<type>0</type>
		<label> -mo = Build Control File operating system (windows|solaris|hp-ux|linux|java|aix|zos) </label>
		<replacePattern></replacePattern>
		<editable>false</editable>
		<required>true</required>
		<value></value>
	</GUIComponents>
	<GUIComponents>
		<type>0</type>
		<label>    -n  = Enforce target definition file naming convention</label>
		<replacePattern></replacePattern>
		<editable>false</editable>
		<required>true</required>
		<value></value>
	</GUIComponents>
	<GUIComponents>
		<type>0</type>
		<label> -ov = Verbose Output</label>
		<replacePattern></replacePattern>
		<editable>false</editable>
		<required>true</required>
		<value></value>
	</GUIComponents>
	<GUIComponents>
		<type>0</type>
		<label> -of = Output Build Control File name</label>
		<replacePattern></replacePattern>
		<editable>false</editable>
		<required>true</required>
		<value></value>
	</GUIComponents>
	<GUIComponents>
		<type>0</type>
		<label> -s  = Case sensitive</label>
		<replacePattern></replacePattern>
		<editable>false</editable>
		<required>true</required>
		<value></value>
	</GUIComponents>
	<GUIComponents>
		<type>0</type>
		<label> See User Guide for further options  </label>
		<replacePattern></replacePattern>
		<editable>false</editable>
		<required>true</required>
		<value></value>
	</GUIComponents>
	<GUIComponents>
		<type>32</type>
		<label>Resolved Command:</label>
		<replacePattern></replacePattern>
		<editable>false</editable>
		<required>true</required>
		<value></value>
	</GUIComponents>
</ActivityDescriptor>
