<?xml version="1.0" encoding="UTF-8"?>
<ActivityDescriptor>
   <Name>Cleartool Exec - Meister Clean All Build</Name>
   <Adapter>ClearCase</Adapter>
   <Command>cleartool -exec 'cleartoolArgs' "om clean all 'omArgs' $(LOG_ARGS)" "'viewName'"</Command>
   <DefaultLabel>Meister Build for $(JOB_NAME)</DefaultLabel>
   <DefaultView>2</DefaultView>
   <GUIComponents>
     <type>2</type>
     <label>cleartool Arguments</label>
     <replacePattern>'cleartoolArgs'</replacePattern>
     <editable>true</editable>
     <required>false</required>
     <value></value>
   </GUIComponents>
   <GUIComponents>
     <type>2</type>
     <label>ClearCase View Tag</label>
     <replacePattern>'viewName'</replacePattern>
     <editable>true</editable>
     <required>true</required>
     <value></value>
   </GUIComponents>
   <GUIComponents>
     <type>2</type>
     <label>om Arguments</label>
     <replacePattern>'omArgs'</replacePattern>
     <editable>true</editable>
     <required>true</required>
     <value></value>
   </GUIComponents>
   <GUIComponents>
     <type>32</type>
     <label>Resolved Command:</label>
     <replacePattern></replacePattern>
     <editable>false</editable>
     <required>true</required>
     <value></value>
   </GUIComponents>    
</ActivityDescriptor>