<?xml version="1.0" encoding="UTF-8"?>
<ActivityDescriptor>
   <Name>Cleartool Exec - Command</Name>
   <Adapter>ClearCase</Adapter>
   <Command>cleartool -exec 'cleartoolArgs' "'Command'" "'viewName'"</Command>
   <DefaultLabel></DefaultLabel>
   <DefaultView>2</DefaultView>
   <GUIComponents>
     <type>2</type>
     <label>cleartool Arguments</label>
     <replacePattern>'cleartoolArgs'</replacePattern>
     <editable>true</editable>
     <required>false</required>
     <value></value>
   </GUIComponents>
   <GUIComponents>
     <type>2</type>
     <label>ClearCase View Tag</label>
     <replacePattern>'viewName'</replacePattern>
     <editable>true</editable>
     <required>true</required>
     <value></value>
   </GUIComponents>
   <GUIComponents>
     <type>2</type>
     <label>Command</label>
     <replacePattern>'Command'</replacePattern>
     <editable>true</editable>
     <required>true</required>
     <value></value>
   </GUIComponents>
   <GUIComponents>
     <type>32</type>
     <label>Resolved Command:</label>
     <replacePattern></replacePattern>
     <editable>false</editable>
     <required>true</required>
     <value></value>
   </GUIComponents>    
</ActivityDescriptor>