<?xml version="1.0" encoding="UTF-8"?>
<ActivityDescriptor>
	<Name>Cleartool Remove View</Name>
	<Adapter>ClearCase</Adapter>
	<Command>cleartool rmview -tag 'tag' 'options'</Command>
	<DefaultLabel>Remove View for $(JOB_NAME)</DefaultLabel>
	<DefaultView>2</DefaultView>
	<GUIComponents>
		<type>2</type>
		<label>Tag</label>
		<replacePattern>'tag'</replacePattern>
		<editable>true</editable>
		<required>false</required>
		<value></value>
	</GUIComponents>
	<GUIComponents>
		<type>2</type>
		<label>Options</label>
		<replacePattern>'options'</replacePattern>
		<editable>true</editable>
		<required>false</required>
		<value></value>
	</GUIComponents>
	<GUIComponents>
		<type>32</type>
		<label>Resolved Command:</label>
		<replacePattern></replacePattern>
		<editable>false</editable>
		<required>true</required>
		<value></value>
	</GUIComponents>
</ActivityDescriptor>
