<?xml version="1.0" encoding="UTF-8"?>
<ActivityDescriptor>
	<Name>Create ClearQuest Build Record</Name>
	<Adapter>ClearCase</Adapter>
	<DefaultLabel>Create ClearQuest Build Record for $(JOB_NAME)</DefaultLabel>
	<Command>cqperl -S omcq.pl 'State' "$(JOB_NAME)" "$(JOB_LABEL)" "$(JOB_NUMBER)" "$(LOG_URL)" "$(BUILD_DATE) $(BUILD_TIME)"</Command>
	<DefaultView>2</DefaultView>
	<GUIComponents>
		<type>2</type>
		<label>State:</label>
		<replacePattern>'State'</replacePattern>
		<editable>true</editable>
		<required>true</required>
		<value></value>
	</GUIComponents>
	<GUIComponents>
		<type>32</type>
		<label>Resolved Command:</label>
		<replacePattern></replacePattern>
		<editable>false</editable>
		<required>true</required>
		<value></value>
	</GUIComponents>
</ActivityDescriptor>
