<?xml version="1.0" encoding="UTF-8"?>
<ActivityDescriptor>
   <Name>Commit To Subversion</Name>
   <Adapter>Subversion</Adapter>
   <Command>svn commit "'Files'" -m "'Message'"</Command>   
   <DefaultLabel>Commit to Subversion for $(JOB_NAME)</DefaultLabel> 
   <DefaultView>2</DefaultView>
   <GUIComponents>
     <type>2</type>
     <label>File(s)</label>
     <replacePattern>'Files'</replacePattern>
     <editable>true</editable>
     <required>true</required>
     <value></value>
   </GUIComponents>
   <GUIComponents>
     <type>2</type>
     <label>Message</label>
     <replacePattern>'Message'</replacePattern>
     <editable>true</editable>
     <required>true</required>
     <value></value>
   </GUIComponents>
   <GUIComponents>
     <type>32</type>
     <label>Resolved Command:</label>
     <replacePattern></replacePattern>
     <editable>false</editable>
     <required>true</required>
     <value></value>
   </GUIComponents>   
</ActivityDescriptor>
