<?xml version="1.0" encoding="UTF-8"?>
<ActivityDescriptor>
   <Name>Copy and Overwrite</Name>
   <Adapter>Command Line|Mojo</Adapter>
   <Command>perl -S copy_files.pl -source "'Source'" -dest "'DeployAreas'"</Command>   
   <DefaultLabel>Copy Files for $(JOB_NAME)</DefaultLabel> 
   <DefaultView>2</DefaultView>
   <GUIComponents>
     <type>2</type>
     <label>Source File(s) (comma delimit):</label>
     <replacePattern>'Source'</replacePattern>
     <editable>true</editable>
     <required>true</required>
     <value></value>
   </GUIComponents>   
   <GUIComponents>
     <type>2</type>
     <label>Deploy Area(s) (comma delimit):</label>
     <replacePattern>'DeployAreas'</replacePattern>
     <editable>true</editable>
     <required>true</required>
     <value></value>
   </GUIComponents>
   <GUIComponents>
     <type>32</type>
     <label>Resolved Command:</label>
     <replacePattern></replacePattern>
     <editable>false</editable>
     <required>true</required>
     <value></value>
   </GUIComponents>   
</ActivityDescriptor>
