<?xml version="1.0" encoding="UTF-8"?>
<ActivityDescriptor><Name>Deploy Files to IIS</Name><Adapter>Deploy Service</Adapter><DefaultLabel>Deploy Files to IIS for $(JOB_NAME)</DefaultLabel><Command>java -cp &quot;$(OPENMAKE_HOME)/client/bin/omcmdline.jar&quot; com.openmake.cmdline.Main -BUILD &quot;deploy services/Deploy Files to IIS&quot;[INCLUDED_BUILDDIR=&quot;$(BUILD_DIRECTORY)&quot;,SERVER=&quot;'SERVER'&quot;,USER=&quot;'USER'&quot;,SITES=&quot;'SITES'&quot;,PASSWORD=&quot;'PASSWORD'&quot;,SITE=&quot;'SITE'&quot;,VIRTUAL_DIR_PATH=&quot;'VIRTUAL_DIR_PATH'&quot;,ROOT_DIRECTORY=&quot;'ROOT_DIRECTORY'&quot;,SOURCE_AREAS=&quot;'SOURCE_AREAS'&quot;,DEPLOY_AREAS=&quot;'DEPLOY_AREAS'&quot;]</Command><DefaultView>2</DefaultView><GUIComponents><type>2</type><label> Server:</label><replacePattern>'SERVER'</replacePattern><editable>true</editable><required>false</required><value>$(SERVER)</value></GUIComponents><GUIComponents><type>2</type><label> User:</label><replacePattern>'USER'</replacePattern><editable>true</editable><required>false</required><value>$(USER)</value></GUIComponents><GUIComponents><type>2</type><label> Sites:</label><replacePattern>'SITES'</replacePattern><editable>true</editable><required>false</required><value>$(SITES)</value></GUIComponents><GUIComponents><type>128</type><label> Password:</label><replacePattern>'PASSWORD'</replacePattern><editable>true</editable><required>false</required><value>$(PASSWORD)</value></GUIComponents><GUIComponents><type>2</type><label> Site:</label><replacePattern>'SITE'</replacePattern><editable>true</editable><required>false</required><value>$(SITE)</value></GUIComponents><GUIComponents><type>2</type><label> Virtual Dir Path:</label><replacePattern>'VIRTUAL_DIR_PATH'</replacePattern><editable>true</editable><required>false</required><value>$(VIRTUAL_DIR_PATH)</value></GUIComponents><GUIComponents><type>2</type><label> Root Directory:</label><replacePattern>'ROOT_DIRECTORY'</replacePattern><editable>true</editable><required>false</required><value>$(ROOT_DIRECTORY)</value></GUIComponents><GUIComponents><type>2</type><label> Source Areas:</label><replacePattern>'SOURCE_AREAS'</replacePattern><editable>true</editable><required>false</required><value>$(SOURCE_AREAS)</value></GUIComponents><GUIComponents><type>2</type><label> Deploy Areas:</label><replacePattern>'DEPLOY_AREAS'</replacePattern><editable>true</editable><required>false</required><value>$(DEPLOY_AREAS)</value></GUIComponents></ActivityDescriptor>