<?xml version="1.0" encoding="UTF-8"?>
<ActivityDescriptor>
   <Name>Deploy War to WebSphere Server</Name>
   <Adapter>WebSphere</Adapter>
   <DefaultLabel>Deploy War to WebSphere Server for $(JOB_NAME)</DefaultLabel> 
   <Command>deploy_war "'APPNAME'" "'WARPATH'" "'CELL'" "'NODE'" "'SERVER'" "'CONTEXTROOT'"</Command>   
   <DefaultView>2</DefaultView>
   <GUIComponents>
     <type>2</type>
     <label>Application:</label>
     <replacePattern>'APPNAME'</replacePattern>
     <editable>true</editable>
     <required>true</required>
     <value></value>
   </GUIComponents>
   <GUIComponents>
        <type>2</type>
        <label>Cell:</label>
        <replacePattern>'CELL'</replacePattern>
        <editable>true</editable>
        <required>true</required>
        <value></value>
   </GUIComponents>
   <GUIComponents>
        <type>2</type>
        <label>Path to War:</label>
        <replacePattern>'WARPATH'</replacePattern>
        <editable>true</editable>
        <required>true</required>
        <value></value>
   </GUIComponents>
   <GUIComponents>
        <type>2</type>
        <label>Server</label>
        <replacePattern>'SERVER'</replacePattern>
        <editable>true</editable>
        <required>true</required>
        <value></value>
   </GUIComponents>
   <GUIComponents>
       <type>2</type>
       <label>Node:</label>
       <replacePattern>'NODE'</replacePattern>
       <editable>true</editable>
       <required>true</required>
       <value></value>
   </GUIComponents>
   <GUIComponents>
       <type>2</type>
       <label>Context Root:</label>
       <replacePattern>'CONTEXTROOT'</replacePattern>
       <editable>true</editable>
       <required>true</required>
       <value></value>
   </GUIComponents>
</ActivityDescriptor>

