<?xml version="1.0" encoding="UTF-8"?>
<ActivityDescriptor>
   <Name>Distribute Files</Name>
   <Adapter>Deploy+</Adapter>
   <DefaultLabel>Distribute Files</DefaultLabel> 
   <Command>perl -S distributor.pl</Command>   
   <DefaultView>2</DefaultView>  
   <GUIComponents>
     <type>32</type>
     <label>Resolved Command:</label>
     <replacePattern></replacePattern>
     <editable>false</editable>
     <required>true</required>
     <value></value>
   </GUIComponents>
</ActivityDescriptor>
