<?xml version="1.0" encoding="UTF-8"?>
<ActivityDescriptor>
   <Name>Execute MSBuild</Name>
   <Adapter>Microsoft</Adapter>
   <Command>msbuild "'project'" /nologo 'Options'</Command>         
   <DefaultLabel>Execute MSBuild Build for $(JOB_NAME)</DefaultLabel>
   <DefaultView>2</DefaultView>
   <GUIComponents>
     <type>2</type>
     <label>Project Filename:</label>
     <replacePattern>'project'</replacePattern>
     <editable>true</editable>
     <required>true</required>
     <value></value>
   </GUIComponents>
   <GUIComponents>
     <type>2</type>
     <label>Options:</label>
     <replacePattern>'Options'</replacePattern>
     <editable>true</editable>
     <required>false</required>
     <value></value>
   </GUIComponents>
   <GUIComponents>
     <type>32</type>
     <label>Resolved Command:</label>
     <replacePattern></replacePattern>
     <editable>false</editable>
     <required>true</required>
     <value></value>
   </GUIComponents>   
</ActivityDescriptor>
