<?xml version="1.0" encoding="UTF-8"?>
<ActivityDescriptor>
   <Name>Execute External Makefile</Name>
   <Adapter>Mojo|Command Line</Adapter>
   <Command>make -f "'MakeFile'" 'Options'</Command>         
   <DefaultLabel>Execute External Makefile for $(JOB_NAME)</DefaultLabel>
   <DefaultView>2</DefaultView>
   <GUIComponents>
     <type>2</type>
     <label>Make Filename:</label>
     <replacePattern>'MakeFile'</replacePattern>
     <editable>true</editable>
     <required>true</required>
     <value></value>
   </GUIComponents>
   <GUIComponents>
     <type>2</type>
     <label>Options:</label>
     <replacePattern>'Options'</replacePattern>
     <editable>true</editable>
     <required>false</required>
     <value></value>
   </GUIComponents>
   <GUIComponents>
     <type>32</type>
     <label>Resolved Command:</label>
     <replacePattern></replacePattern>
     <editable>false</editable>
     <required>true</required>
     <value></value>
   </GUIComponents>   
</ActivityDescriptor>