<?xml version="1.0" encoding="UTF-8"?>
<ActivityDescriptor>
   <Name>Execute Workflow on Unix</Name>
   <Adapter>Mojo|Command Line</Adapter>
   <Command>java -cp "$OPENMAKE_HOME/bin/omcmdline.jar" com.openmake.cmdline.Main -BUILD "'workflow'" 'options' -LOG_LABEL "'log'" -SYNC</Command>         
   <DefaultLabel>Execute Workflow for $(JOB_NAME)</DefaultLabel>
   <DefaultView>2</DefaultView>
   <GUIComponents>
     <type>2</type>
     <label>Workflow Name:</label>
     <replacePattern>'workflow'</replacePattern>
     <editable>true</editable>
     <required>true</required>
     <value></value>
   </GUIComponents>
   <GUIComponents>
     <type>2</type>
     <label>Log Label:</label>
     <replacePattern>'log'</replacePattern>
     <editable>true</editable>
     <required>true</required>
     <value></value>
   </GUIComponents>
   <GUIComponents>
     <type>2</type>
     <label>Options:</label>
     <replacePattern>'options'</replacePattern>
     <editable>true</editable>
     <required>false</required>
     <value></value>
   </GUIComponents>
   <GUIComponents>
     <type>32</type>
     <label>Resolved Command:</label>
     <replacePattern></replacePattern>
     <editable>false</editable>
     <required>true</required>
     <value></value>
   </GUIComponents>   
</ActivityDescriptor>