<?xml version="1.0" encoding="UTF-8"?>
<ActivityDescriptor>
    <Name>Git Commit</Name>
    <Adapter>Git</Adapter>
    <DefaultLabel>Git Commit for $(JOB_NAME)</DefaultLabel>
    <Command>git commit -m "'COMMENT'"</Command>
    <DefaultView>2</DefaultView>
    <GUIComponents>
        <type>1</type>
        <label>Commit Message</label>
        <replacePattern>'COMMENT'</replacePattern>
        <editable>true</editable>
        <required>true</required>
        <value></value>
    </GUIComponents>
    <GUIComponents>
        <type>32</type>
        <label>Resolved Command:</label>
        <replacePattern></replacePattern>
        <editable>false</editable>
        <required>true</required>
        <value></value>
    </GUIComponents>
</ActivityDescriptor>