<?xml version="1.0" encoding="UTF-8"?>
<ActivityDescriptor>
   <Name>Stop Internet Services</Name>
   <Adapter>IIS</Adapter>
   <DefaultLabel>Stop Internet Services for $(JOB_NAME)</DefaultLabel> 
   <Command>IISRESET /STOP /TIMEOUT:'timeout' 'options'</Command>   
   <DefaultView>2</DefaultView>
   <GUIComponents>
     <type>2</type>
     <label>Timeout (in seconds):</label>
     <replacePattern>'timeout'</replacePattern>
     <editable>true</editable>
     <required>false</required>
     <value>60</value>
   </GUIComponents>
   <GUIComponents>
     <type>2</type>
     <label>Options:</label>
     <replacePattern>'options'</replacePattern>
     <editable>true</editable>
     <required>false</required>
     <value></value>
   </GUIComponents>
   <GUIComponents>
     <type>32</type>
     <label>Resolved Command:</label>
     <replacePattern></replacePattern>
     <editable>false</editable>
     <required>true</required>
     <value></value>
   </GUIComponents>
</ActivityDescriptor>
