<?xml version="1.0" encoding="UTF-8"?>
<ActivityDescriptor>
   <Name>Create Site(s)</Name>
   <Adapter>IIS</Adapter>
   <DefaultLabel>Create Site(s) for $(JOB_NAME)</DefaultLabel> 
   <Command>cscript %systemroot%\system32\iisweb.vbs /s 'server' /u 'user' /p 'password' /create 'root' 'name' 'host' 'port' 'ip' 'appPool' 'options'</Command>   
   <DefaultView>2</DefaultView>
   <GUIComponents>
     <type>2</type>
     <label>Server:</label>
     <replacePattern>'server'</replacePattern>
     <editable>true</editable>
     <required>true</required>
     <value></value>
   </GUIComponents>
   <GUIComponents>
     <type>2</type>
     <label>User:</label>
     <replacePattern>'user'</replacePattern>
     <editable>true</editable>
     <required>true</required>
     <value></value>
   </GUIComponents>
   <GUIComponents>
     <type>128</type>
     <label>Password:</label>
     <replacePattern>'password'</replacePattern>
     <editable>true</editable>
     <required>true</required>
     <value></value>
   </GUIComponents>
   <GUIComponents>
     <type>2</type>
     <label>Root Directory:</label>
     <replacePattern>'root'</replacePattern>
     <editable>true</editable>
     <required>true</required>
     <value></value>
   </GUIComponents>
   <GUIComponents>
     <type>2</type>
     <label>Name:</label>
     <replacePattern>'name'</replacePattern>
     <editable>true</editable>
     <required>true</required>
     <value></value>
   </GUIComponents>
   <GUIComponents>
     <type>2</type>
     <label>Host Name:</label>
     <replacePattern>'name'</replacePattern>
     <editable>true</editable>
     <required>false</required>
     <value>/d </value>
   </GUIComponents>
   <GUIComponents>
     <type>2</type>
     <label>Port:</label>
     <replacePattern>'name'</replacePattern>
     <editable>true</editable>
     <required>false</required>
     <value>/b 80</value>
   </GUIComponents>   
   <GUIComponents>
     <type>2</type>
     <label>IP Address:</label>
     <replacePattern>'ip'</replacePattern>
     <editable>true</editable>
     <required>false</required>
     <value>/i </value>
   </GUIComponents>   
   <GUIComponents>
     <type>2</type>
     <label>Application Pool:</label>
     <replacePattern>'appPool'</replacePattern>
     <editable>true</editable>
     <required>false</required>
     <value>/ap </value>
   </GUIComponents>  
   <GUIComponents>
     <type>2</type>
     <label>Options:</label>
     <replacePattern>'options'</replacePattern>
     <editable>true</editable>
     <required>false</required>
     <value></value>
   </GUIComponents>   
   <GUIComponents>
     <type>32</type>
     <label>Resolved Command:</label>
     <replacePattern></replacePattern>
     <editable>false</editable>
     <required>true</required>
     <value></value>
   </GUIComponents>
</ActivityDescriptor>
