<?xml version="1.0" encoding="UTF-8"?>
<ActivityDescriptor>
   <Name>ITCM DSM Package Register</Name>
   <Adapter>CA</Adapter>   
   <Command>cadsmcmd regsw item="'Item'" version="'Version'" path="'Path'" comment="'Comment'" supplier="'Supplier'" procedures="'Procs'"</Command>
   <DefaultLabel>ITCM DSM Package Register for $(JOB_NAME)</DefaultLabel>  
   <DefaultView>2</DefaultView>
   <GUIComponents>
     <type>2</type>
     <label>Item:</label>
     <replacePattern>'Item'</replacePattern>
     <editable>true</editable>
     <required>true</required>
     <value></value>
   </GUIComponents>
   <GUIComponents>
     <type>2</type>
     <label>Version:</label>
     <replacePattern>'Version'</replacePattern>
     <editable>true</editable>
     <required>true</required>
     <value>1.0</value>
   </GUIComponents>
   <GUIComponents>
     <type>2</type>
     <label>Path:</label>
     <replacePattern>'Path'</replacePattern>
     <editable>true</editable>
     <required>true</required>
     <value></value>
   </GUIComponents>
   <GUIComponents>
     <type>2</type>
     <label>Supplier:</label>
     <replacePattern>'Supplier'</replacePattern>
     <editable>true</editable>
     <required>true</required>
     <value></value>
   </GUIComponents>
   <GUIComponents>
     <type>2</type>
     <label>Procedures:</label>
     <replacePattern>'Procs'</replacePattern>
     <editable>true</editable>
     <required>true</required>
     <value></value>
   </GUIComponents>
   <GUIComponents>
     <type>1</type>
     <label>Comment:</label>
     <replacePattern>'Comment'</replacePattern>
     <editable>true</editable>
     <required>false</required>
     <value></value>
   </GUIComponents>
   <GUIComponents>
     <type>32</type>
     <label>Resolved Command:</label>
     <replacePattern></replacePattern>
     <editable>false</editable>
     <required>true</required>
     <value></value>
   </GUIComponents>   
</ActivityDescriptor>
