<?xml version="1.0" encoding="UTF-8"?>
<ActivityDescriptor>
	<Name>Japex</Name>
	<Adapter>Static Analysis|Test Tools</Adapter>
	<DefaultLabel>Japex for $(JOB_NAME)</DefaultLabel>
	<Command>perl -S omrptmgr.pl -class com.openmake.integration.reports.tools.JapexReport -log "$(LOG_URL)" -wf "$(JOB_NAME)" -rn "'ReportName'" -config "'Config'"</Command>
	<DefaultView>2</DefaultView>
	<GUIComponents>
		<type>2</type>
		<label>Report Name:</label>
		<replacePattern>'ReportName'</replacePattern>
		<editable>true</editable>
		<required>true</required>
		<value>Japex</value>
	</GUIComponents>
	<GUIComponents>
		<type>2</type>
		<label>Configuration File:</label>
		<replacePattern>'Config'</replacePattern>
		<editable>true</editable>
		<required>true</required>
		<value></value>
	</GUIComponents>
	<GUIComponents>
		<type>32</type>
		<label>Resolved Command:</label>
		<replacePattern></replacePattern>
		<editable>false</editable>
		<required>true</required>
		<value></value>
	</GUIComponents>
</ActivityDescriptor>
