<?xml version="1.0" encoding="UTF-8"?>
<ActivityDescriptor>
	<Name>JUnit</Name>
	<Adapter>Static Analysis|Test Tools</Adapter>
	<DefaultLabel>JUnit for $(JOB_NAME)</DefaultLabel>
	<Command>perl -S omrptmgr.pl -class com.openmake.integration.reports.tools.JUnitReport -log "$(LOG_URL)" -wf "$(JOB_NAME)" -rn "'ReportName'" -src "'SrcDir'" -cp "'ClassPath'" -if "'include'" -ef "'exclude'"</Command>
	<DefaultView>2</DefaultView>
	<GUIComponents>
		<type>2</type>
		<label>Report Name:</label>
		<replacePattern>'ReportName'</replacePattern>
		<editable>true</editable>
		<required>true</required>
		<value>JUnit</value>
	</GUIComponents>
	<GUIComponents>
		<type>2</type>
		<label>Source Directory:</label>
		<replacePattern>'SrcDir'</replacePattern>
		<editable>true</editable>
		<required>true</required>
		<value></value>
	</GUIComponents>
	<GUIComponents>
		<type>2</type>
		<label>Include Filter:</label>
		<replacePattern>'include'</replacePattern>
		<editable>true</editable>
		<required>true</required>
		<value></value>
	</GUIComponents>
	<GUIComponents>
		<type>2</type>
		<label>Exclude Filter:</label>
		<replacePattern>'exclude'</replacePattern>
		<editable>true</editable>
		<required>false</required>
		<value></value>
	</GUIComponents>
	<GUIComponents>
		<type>2</type>
		<label>ClassPath:</label>
		<replacePattern>'ClassPath'</replacePattern>
		<editable>true</editable>
		<required>true</required>
		<value></value>
	</GUIComponents>
	<GUIComponents>
		<type>32</type>
		<label>Resolved Command:</label>
		<replacePattern></replacePattern>
		<editable>false</editable>
		<required>true</required>
		<value></value>
	</GUIComponents>
</ActivityDescriptor>
