<?xml version="1.0" encoding="UTF-8"?>
<ActivityDescriptor>
	<Name>NUnit</Name>
	<Adapter>Static Analysis</Adapter>
	<DefaultLabel>NUnit for $(JOB_NAME)</DefaultLabel>
	<Command>perl -S omrptmgr.pl -class com.openmake.integration.reports.tools.NUnitReport -log "$(LOG_URL)" -wf "$(JOB_NAME)" -rn "'ReportName'" -src "'SrcDir'"</Command>
	<DefaultView>2</DefaultView>
	<GUIComponents>
		<type>2</type>
		<label>Report Name:</label>
		<replacePattern>'ReportName'</replacePattern>
		<editable>true</editable>
		<required>true</required>
		<value>NUnit</value>
	</GUIComponents>
	<GUIComponents>
		<type>2</type>
		<label>Source:</label>
		<replacePattern>'SrcDir'</replacePattern>
		<editable>true</editable>
		<required>true</required>
		<value></value>
	</GUIComponents>
	<GUIComponents>
		<type>32</type>
		<label>Resolved Command:</label>
		<replacePattern></replacePattern>
		<editable>false</editable>
		<required>true</required>
		<value></value>
	</GUIComponents>
</ActivityDescriptor>
