<?xml version="1.0" encoding="UTF-8"?><ActivityDescriptor>	<Name>Publish Meister Results</Name>	<Adapter>Deploy+|Meister</Adapter>	<DefaultLabel>Publish Meister Results for $(JOB_NAME)</DefaultLabel>	<Command>perl -S ompublish.pl "'project'" "$(LOG_URL)" "$(JOB_NUMBER)" 'file1' 'file2'</Command>	<DefaultView>2</DefaultView>	<GUIComponents>		<type>2</type>		<label>Repository Collection:</label>		<replacePattern>'project'</replacePattern>		<editable>true</editable>		<required>true</required>		<value></value>	</GUIComponents>	<GUIComponents>		<type>0</type>		<label>Specify one or more Meister Build Control files to be referenced for binary collection</label>		<replacePattern></replacePattern>		<editable/>		<required/>		<value></value>	</GUIComponents>	<GUIComponents>		<type>0</type>		<label>(i.e. aix.mak, solaris.mak, hpux.mak, windows.mak, linux.mak, java.mak) separated by space.</label>		<replacePattern></replacePattern>		<editable/>		<required/>		<value></value>	</GUIComponents>	<GUIComponents>		<type>2</type>		<label>Build Control Files:</label>		<replacePattern>'file1'</replacePattern>		<editable>true</editable>		<required>true</required>		<value></value>	</GUIComponents>	<GUIComponents>		<type>0</type>		<label>Specify one or more other files to be published separated by spaces.</label>		<replacePattern></replacePattern>		<editable/>		<required/>		<value></value>	</GUIComponents>	<GUIComponents>		<type>0</type>		<label>(i.e. Meister package files, Build Audit Report or other binaries not created by the Meister Build) </label>		<replacePattern></replacePattern>		<editable/>		<required/>		<value></value>	</GUIComponents>	<GUIComponents>		<type>2</type>		<label>Other Files:</label>		<replacePattern>'file2'</replacePattern>		<editable>true</editable>		<required>false</required>		<value></value>	</GUIComponents>	<GUIComponents>		<type>32</type>		<label>Resolved Command:</label>		<replacePattern></replacePattern>		<editable>false</editable>		<required>true</required>		<value></value>	</GUIComponents></ActivityDescriptor>