<?xml version="1.0" encoding="UTF-8"?><ActivityDescriptor>	<Name>Release Engineer Continuous Deployment</Name>	<Adapter>Release Engineer|Meister</Adapter>	<DefaultLabel>Release Engineer Continuous Deployment for $(JOB_NAME)</DefaultLabel>	<Command>perl -S omre_deploy.pl "'appname'" "$(JOB_NUMBER)" "'envname'"</Command>	<DefaultView>2</DefaultView>	<GUIComponents>		<type>2</type>		<label>Application Name:</label>		<replacePattern>'appname'</replacePattern>		<editable>true</editable>		<required>true</required>		<value></value>	</GUIComponents>	<GUIComponents>		<type>2</type>		<label>Environment Name:</label>		<replacePattern>'envname'</replacePattern>		<editable>true</editable>		<required>true</required>		<value></value>	</GUIComponents>	<GUIComponents>		<type>32</type>		<label>Resolved Command:</label>		<replacePattern></replacePattern>		<editable>false</editable>		<required>true</required>		<value></value>	</GUIComponents></ActivityDescriptor>