<?xml version="1.0" encoding="UTF-8"?><ActivityDescriptor>	<Name>Release Engineer Set Repository Version</Name>	<Adapter>Release Engineer|Meister</Adapter>	<DefaultLabel>Release Engineer Set Repository Version for $(JOB_NAME)</DefaultLabel>	<Command>perl -S omre_setrepover.pl "'appname'" "$(JOB_NUMBER)"</Command>	<DefaultView>2</DefaultView>	<GUIComponents>		<type>2</type>		<label>Application Name:</label>		<replacePattern>'appname'</replacePattern>		<editable>true</editable>		<required>true</required>		<value></value>	</GUIComponents>	<GUIComponents>		<type>32</type>		<label>Resolved Command:</label>		<replacePattern></replacePattern>		<editable>false</editable>		<required>true</required>		<value></value>	</GUIComponents></ActivityDescriptor>