<?xml version="1.0" encoding="UTF-8"?>
<ActivityDescriptor>
    <Name>Retrieve Files</Name>
    <Adapter>Deployment</Adapter>
    <DefaultLabel>Retrieve Files for $(JOB_NAME)</DefaultLabel>
    <Command>pscp -pw 'PASSWORD' 'USERID'@'FROM':'ORIGIN' 'DEST'</Command>
    <DefaultView>2</DefaultView>    <GUIComponents>        <type>128</type>        <label>Password</label>        <replacePattern>'PASSWORD'</replacePattern>        <editable>true</editable>        <required>true</required>        <value></value>    </GUIComponents>		
    <GUIComponents>
        <type>2</type>
        <label>UserId</label>
        <replacePattern>'USERID'</replacePattern>
        <editable>true</editable>
        <required>true</required>
        <value></value>
    </GUIComponents>
    <GUIComponents>
        <type>2</type>
        <label>From Host</label>
        <replacePattern>'FROM'</replacePattern>
        <editable>true</editable>
        <required>true</required>
        <value></value>
    </GUIComponents>
    <GUIComponents>
        <type>2</type>
        <label>From Destination</label>
        <replacePattern>'ORIGIN'</replacePattern>
        <editable>true</editable>
        <required>true</required>
        <value></value>
    </GUIComponents>
        <GUIComponents>
            <type>2</type>
            <label>To Destination</label>
            <replacePattern>'DEST'</replacePattern>
            <editable>true</editable>
            <required>true</required>
            <value></value>
    </GUIComponents>
    <GUIComponents>
        <type>32</type>
        <label>Resolved Command:</label>
        <replacePattern></replacePattern>
        <editable>false</editable>
        <required>true</required>
        <value></value>
    </GUIComponents>
</ActivityDescriptor>