<?xml version="1.0" encoding="UTF-8"?>
<ActivityDescriptor>
    <Name>Run Pod2html</Name>
    <Adapter>Perl</Adapter>
    <DefaultLabel>Run pod2html for $(JOB_NAME)</DefaultLabel>
    <Command>pod2html 'ARGS' "'SCRIPT'"</Command>
    <DefaultView>2</DefaultView>
    <GUIComponents>
        <type>2</type>
        <label>Additional parameters for pod2html:</label>
        <replacePattern>'ARGS'</replacePattern>
        <editable>true</editable>
        <required>false</required>
        <value></value>
    </GUIComponents>
    <GUIComponents>
        <type>2</type>
        <label>Perl script name:</label>
        <replacePattern>'SCRIPT'</replacePattern>
        <editable>true</editable>
        <required>true</required>
        <value></value>
    </GUIComponents>
    <GUIComponents>
        <type>32</type>
        <label>Resolved Command:</label>
        <replacePattern></replacePattern>
        <editable>false</editable>
        <required>true</required>
        <value></value>
    </GUIComponents>
</ActivityDescriptor>