<?xml version="1.0" encoding="UTF-8"?>
<ActivityDescriptor>
   <Name>Send Email</Name>
   <Adapter>Notifications</Adapter>
   <DefaultLabel>Email for $(JOB_NAME)</DefaultLabel>
   <Command>perl -S omemail.pl -s "'Subject'" -r "'Recipients'" -m "'Message'"</Command>   
   <DefaultView>2</DefaultView>
   <GUIComponents>
     <type>2</type>
     <label>Subject:</label>
     <replacePattern>'Subject'</replacePattern>
     <editable>true</editable>
     <required>true</required>
     <value></value>
   </GUIComponents>
   <GUIComponents>
     <type>1</type>
     <label>Recipients (comma delimit):</label>
     <replacePattern>'Recipients'</replacePattern>
     <editable>true</editable>
     <required>true</required>
     <value></value>
   </GUIComponents>
   <GUIComponents>
     <type>1</type>
     <label>Message:</label>
     <replacePattern>'Message'</replacePattern>
     <editable>true</editable>
     <required>true</required>
     <value></value>
   </GUIComponents>
   <GUIComponents>
     <type>32</type>
     <label>Resolved Command:</label>
     <replacePattern></replacePattern>
     <editable>false</editable>
     <required>true</required>
     <value></value>
   </GUIComponents>   
</ActivityDescriptor>