<?xml version="1.0" encoding="UTF-8"?>
<ActivityDescriptor>
   <Name>Startup Tomcat</Name>
   <Adapter>Tomcat</Adapter>
   <DefaultLabel>Startup Tomcat for $(JOB_NAME)</DefaultLabel> 
   <Command>'TOMCATHOME'/bin/startup</Command>   
   <DefaultView>2</DefaultView>
   <GUIComponents>
     <type>2</type>
     <label>Tomcat Home:</label>
     <replacePattern>'TOMCATHOME'</replacePattern>
     <editable>true</editable>
     <required>true</required>
     <value></value>
   </GUIComponents>
</ActivityDescriptor>