<?xml version="1.0" encoding="UTF-8"?>
<ActivityDescriptor>
   <Name>Start WebSphere Application</Name>
   <Adapter>WebSphere</Adapter>
   <DefaultLabel>Start WebSphere Application for $(JOB_NAME)</DefaultLabel> 
   <Command>start_was_application "'APPNAME'" "'CELL'" "'NODE'" "'SERVER'"</Command>   
   <DefaultView>2</DefaultView>
   <GUIComponents>
     <type>2</type>
     <label>Application Name:</label>
     <replacePattern>'APPNAME'</replacePattern>
     <editable>true</editable>
     <required>true</required>
     <value></value>
   </GUIComponents>
   <GUIComponents>
        <type>2</type>
        <label>Cell:</label>
        <replacePattern>'CELL'</replacePattern>
        <editable>true</editable>
        <required>true</required>
        <value></value>
   </GUIComponents>
   <GUIComponents>
        <type>2</type>
        <label>Node:</label>
        <replacePattern>'NODE'</replacePattern>
        <editable>true</editable>
        <required>true</required>
        <value></value>
   </GUIComponents>
   <GUIComponents>
        <type>2</type>
        <label>Server:</label>
        <replacePattern>'SERVER'</replacePattern>
        <editable>true</editable>
        <required>true</required>
        <value></value>
   </GUIComponents>
</ActivityDescriptor>

