<?xml version="1.0" encoding="UTF-8"?>
<ActivityDescriptor>
	<Name>System Summary Report - Windows</Name>
	<Adapter>Mojo|Command Line</Adapter>
	<Command>winmsd /categories {SystemSummary} /report 'ReportName' &amp; sleep 5</Command>
	<DefaultLabel>Windows System Summary Report</DefaultLabel>
	<DefaultView>2</DefaultView>
	<GUIComponents>
		<type>2</type>
		<label>Report Name</label>
		<replacePattern>'ReportName'</replacePattern>
		<editable>true</editable>
		<required>true</required>
		<value></value>
	</GUIComponents>
	<GUIComponents>
		<type>32</type>
		<label>Resolved Command:</label>
		<replacePattern></replacePattern>
		<editable>false</editable>
		<required>true</required>
		<value></value>
	</GUIComponents>
</ActivityDescriptor>
