<?xml version="1.0" encoding="UTF-8"?>
<ActivityDescriptor>
   <Name>Unicenter Deploy Package</Name>
   <Adapter>CA</Adapter>
   <Command>perl -S omunideploy.pl -i "'Item'" -v "'Version'" -p "'Procs'" -c "'Computer'" -g "'CompGrp'" -a "'After'" -t "'AtTime'"</Command>   
   <DefaultLabel>Unicenter Deploy Package for $(JOB_NAME)</DefaultLabel>   
   <DefaultView>2</DefaultView>
   <GUIComponents>
     <type>2</type>
     <label>Item:</label>
     <replacePattern>'Item'</replacePattern>
     <editable>true</editable>
     <required>true</required>
     <value></value>
   </GUIComponents>
   <GUIComponents>
     <type>2</type>
     <label>Version:</label>
     <replacePattern>'Version'</replacePattern>
     <editable>true</editable>
     <required>true</required>
     <value>1.0</value>
   </GUIComponents>
   <GUIComponents>
     <type>2</type>
     <label>Procedure:</label>
     <replacePattern>'Procs'</replacePattern>
     <editable>true</editable>
     <required>true</required>
     <value>Install</value>
   </GUIComponents>
   <GUIComponents>
     <type>2</type>
     <label>Computers (comma-delimited):</label>
     <replacePattern>'Computer'</replacePattern>
     <editable>true</editable>
     <required>false</required>
     <value></value>
   </GUIComponents>
   <GUIComponents>
     <type>2</type>
     <label>Computer Group:</label>
     <replacePattern>'CompGrp'</replacePattern>
     <editable>true</editable>
     <required>false</required>
     <value></value>
   </GUIComponents>
   <GUIComponents>
     <type>2</type>
     <label>After:</label>
     <replacePattern>'After'</replacePattern>
     <editable>true</editable>
     <required>false</required>
     <value>exacttime</value>
   </GUIComponents>
   <GUIComponents>
     <type>2</type>
     <label>At Time:</label>
     <replacePattern>'AtTime'</replacePattern>
     <editable>true</editable>
     <required>false</required>
     <value></value>
   </GUIComponents>
   <GUIComponents>
     <type>32</type>
     <label>Resolved Command:</label>
     <replacePattern></replacePattern>
     <editable>false</editable>
     <required>true</required>
     <value></value>
   </GUIComponents>   
</ActivityDescriptor>
