<?xml version="1.0" encoding="UTF-8"?>
<ActivityDescriptor>
   <Name>Update From Subversion</Name>
   <Adapter>Subversion|CI</Adapter>
   <Command>svn checkout 'URL' --force</Command>   
   <DefaultLabel>Update from Subversion for $(JOB_NAME)</DefaultLabel> 
   <DefaultView>2</DefaultView>
   <GUIComponents>
     <type>2</type>
     <label>URL:</label>
     <replacePattern>'URL'</replacePattern>
     <editable>true</editable>
     <required>true</required>
     <value></value>
   </GUIComponents>
   <GUIComponents>
     <type>32</type>
     <label>Resolved Command:</label>
     <replacePattern></replacePattern>
     <editable>false</editable>
     <required>true</required>
     <value></value>
   </GUIComponents>   
</ActivityDescriptor>
