<?xml version="1.0" encoding="UTF-8"?>
<ActivityDescriptor>
   <Name>Update From Rational Team Concert</Name>
   <Adapter>TeamConcert|CI</Adapter>
   <Command>perl -S rtcupdate.pl 'repo' 'userid' 'pw' "'stream'" "'workspace'" "'dir'"</Command>   
   <DefaultLabel>Update from Team Concert for $(JOB_NAME)</DefaultLabel>    
   <DefaultView>2</DefaultView>
   <GUIComponents>
     <type>2</type>
     <label>Repository:</label>
     <replacePattern>'repo'</replacePattern>
     <editable>true</editable>
     <required>true</required>
     <value></value>
   </GUIComponents>
   <GUIComponents>
        <type>2</type>
        <label>Userid:</label>
        <replacePattern>'userid'</replacePattern>
        <editable>true</editable>
        <required>true</required>
        <value></value>
   </GUIComponents>      <GUIComponents>        <type>2</type>        <label>Password:</label>        <replacePattern>'pw'</replacePattern>        <editable>true</editable>        <required>true</required>        <value></value>   </GUIComponents>   <GUIComponents>        <type>2</type>        <label>Stream:</label>        <replacePattern>'stream'</replacePattern>        <editable>true</editable>        <required>true</required>        <value></value>   </GUIComponents>       <GUIComponents>        <type>2</type>        <label>Workspace:</label>        <replacePattern>'workspace'</replacePattern>        <editable>true</editable>        <required>true</required>        <value></value>   </GUIComponents>    <GUIComponents>        <type>2</type>        <label>Target Directory:</label>        <replacePattern>'dir'</replacePattern>        <editable>true</editable>        <required>true</required>        <value></value>   </GUIComponents>   
   <GUIComponents>
     <type>32</type>
     <label>Resolved Command:</label>
     <replacePattern></replacePattern>
     <editable>false</editable>
     <required>true</required>
     <value></value>
   </GUIComponents>
</ActivityDescriptor>
