<?xml version="1.0" encoding="UTF-8"?>
<ActivityDescriptor>
   <Name>Update From Perforce</Name>
   <Adapter>Perforce|CI</Adapter>
   <Command>p4 -c "'client'" sync</Command>   
   <DefaultLabel>Update from Perforce for $(JOB_NAME)</DefaultLabel>   
   <DefaultView>2</DefaultView>
   <GUIComponents>
     <type>2</type>
     <label>Client:</label>
     <replacePattern>'client'</replacePattern>
     <editable>true</editable>
     <required>true</required>
     <value></value>
   </GUIComponents>
   <GUIComponents>
     <type>32</type>
     <label>Resolved Command:</label>
     <replacePattern></replacePattern>
     <editable>false</editable>
     <required>true</required>
     <value></value>
   </GUIComponents>
</ActivityDescriptor>
