<?xml version="1.0" encoding="UTF-8"?>
<ActivityDescriptor>
   <Name>Update From CVS</Name>
   <Adapter>CVS|CI</Adapter>
   <DefaultLabel>Update from CVS for $(JOB_NAME)</DefaultLabel>   
   <Command>cvs -d "'CvsRoot'" 'CvsOptions' update 'UpdateOptions'</Command>   
   <DefaultView>2</DefaultView>
   <GUIComponents>
     <type>2</type>
     <label>CVS Root:</label>
     <replacePattern>'CvsRoot'</replacePattern>
     <editable>true</editable>
     <required>true</required>
     <value></value>
   </GUIComponents>
   <GUIComponents>
     <type>2</type>
     <label>CVS Options:</label>
     <replacePattern>'CvsOptions'</replacePattern>
     <editable>true</editable>
     <required>false</required>
     <value></value>
   </GUIComponents>   
   <GUIComponents>
     <type>2</type>
     <label>UpdateOptions:</label>
     <replacePattern>'UpdateOptions'</replacePattern>
     <editable>true</editable>
     <required>false</required>
     <value></value>
   </GUIComponents>   
   <GUIComponents>
     <type>32</type>
     <label>Resolved Command:</label>
     <replacePattern></replacePattern>
     <editable>false</editable>
     <required>true</required>
     <value></value>
   </GUIComponents>
</ActivityDescriptor>
