<?xml version="1.0" encoding="UTF-8"?>
<ActivityDescriptor>
   <Name>Update From PVCS</Name>
   <Adapter>PVCS|CI</Adapter>  
   <Command>pcli get 'options'</Command>
   <DefaultLabel>Update from PVCS for $(JOB_NAME)</DefaultLabel> 
   <DefaultView>2</DefaultView>
   <GUIComponents>
     <type>2</type>
     <label>Options:</label>
     <replacePattern>'options'</replacePattern>
     <editable>true</editable>
     <required>false</required>
     <value></value>
   </GUIComponents>
   <GUIComponents>
     <type>32</type>
     <label>Resolved Command:</label>
     <replacePattern></replacePattern>
     <editable>false</editable>
     <required>true</required>
     <value></value>
   </GUIComponents>   
</ActivityDescriptor>
