<?xml version="1.0" encoding="UTF-8"?>
<ActivityDescriptor>
   <Name>Update From CA SCM</Name>
   <Adapter>CA|CI</Adapter>
   <Command>hco -b "'broker'" -usr "'user'" -pw "'password'" -vp "'viewpath'" -en "'project'" -st "'state'" -cp "'clientpath'" 'options'</Command>   
   <DefaultLabel>Update from Harvest for $(JOB_NAME)</DefaultLabel>
   <DefaultView>2</DefaultView>
   <GUIComponents>
     <type>2</type>
     <label>Broker:</label>
     <replacePattern>'broker'</replacePattern>
     <editable>true</editable>
     <required>true</required>
     <value></value>
   </GUIComponents>
   <GUIComponents>
     <type>2</type>
     <label>User:</label>
     <replacePattern>'user'</replacePattern>
     <editable>true</editable>
     <required>true</required>
     <value></value>
   </GUIComponents>
   <GUIComponents>
     <type>128</type>
     <label>Password:</label>
     <replacePattern>'password'</replacePattern>
     <editable>true</editable>
     <required>true</required>
     <value></value>
   </GUIComponents>   
   <GUIComponents>
     <type>2</type>
     <label>Viewpath:</label>
     <replacePattern>'viewpath'</replacePattern>
     <editable>true</editable>
     <required>true</required>
     <value></value>
   </GUIComponents>
   <GUIComponents>
     <type>2</type>
     <label>Project:</label>
     <replacePattern>'project'</replacePattern>
     <editable>true</editable>
     <required>true</required>
     <value></value>
   </GUIComponents>   
   <GUIComponents>
     <type>2</type>
     <label>State:</label>
     <replacePattern>'state'</replacePattern>
     <editable>true</editable>
     <required>true</required>
     <value></value>
   </GUIComponents>   
   <GUIComponents>
     <type>2</type>
     <label>Client Path:</label>
     <replacePattern>'clientpath'</replacePattern>
     <editable>true</editable>
     <required>true</required>
     <value></value>
   </GUIComponents> 
   <GUIComponents>
     <type>2</type>
     <label>HCO Options:</label>
     <replacePattern>'options'</replacePattern>
     <editable>true</editable>
     <required>false</required>
     <value>-sy -r -op pc -s "*"</value>
   </GUIComponents>
   <GUIComponents>
     <type>32</type>
     <label>Resolved Command:</label>
     <replacePattern></replacePattern>
     <editable>false</editable>
     <required>true</required>
     <value></value>
   </GUIComponents>   
</ActivityDescriptor>
