<?xml version="1.0" encoding="UTF-8"?>
<ActivityDescriptor>
   <Name>Update From Source Integrity</Name>
   <Adapter>Source Integrity|CI</Adapter>
   <Command>si resync --batch --yes --overwriteChanged --sandbox="'sandbox'" --user='user' --password='password'</Command>   
   <DefaultLabel>Update from Source Integrity for $(JOB_NAME)</DefaultLabel>      
   <DefaultView>2</DefaultView>
   <GUIComponents>
     <type>2</type>
     <label>Sandbox:</label>
     <replacePattern>'sandbox'</replacePattern>
     <editable>true</editable>
     <required>true</required>
     <value></value>
   </GUIComponents>
   <GUIComponents>
     <type>2</type>
     <label>User:</label>
     <replacePattern>'user'</replacePattern>
     <editable>true</editable>
     <required>true</required>
     <value></value>
   </GUIComponents>
   <GUIComponents>
     <type>128</type>
     <label>Password:</label>
     <replacePattern>'password'</replacePattern>
     <editable>true</editable>
     <required>true</required>
     <value></value>
   </GUIComponents>   
   <GUIComponents>
     <type>32</type>
     <label>Resolved Command:</label>
     <replacePattern></replacePattern>
     <editable>false</editable>
     <required>true</required>
     <value></value>
   </GUIComponents>   
</ActivityDescriptor>
