<?xml version="1.0" encoding="UTF-8"?>
<!DOCTYPE mapping PUBLIC "-//EXOLAB/Castor Object Mapping DTD Version 1.0//EN" "http://castor.exolab.org/mapping.dtd">
<mapping>

<!-- MG. 04/21/03. Adjusted the OMTarget, OMTargetInfo and Dependency mappings for Openmake6.2 to handle revised Build Type format

     From 6.2 forward an OMTarget object can hold both an OMTargetInfo array (the old format) and many of the fields that used to
     be included in OMTargetInfo format. Basically, the format was flattened for Openmake 6.2 so that the OMTarget object itself
     holds all of the Target and Dependency information rather than an OMTargetInfo array. -->
<class name="com.openmake.integration.OMTarget" access="shared">
<map-to xml="OMTarget"/>
<field type="java.lang.String" required="false" name="Version" lazy="false" direct="false">
<bind-xml node="element" name="Version"/>
</field>
<field type="com.openmake.integration.OMTargetInfo" required="false" name="Targets" lazy="false" direct="false" collection="array">
<bind-xml node="element" name="Targets"/>
</field>
<field type="java.lang.String" required="false" name="Name" lazy="false" direct="false">
<bind-xml node="element" name="Name"/>
</field>
<field type="java.lang.String" required="false" name="Project" lazy="false" direct="false">
<bind-xml node="element" name="Project"/>
</field>
<field type="java.lang.String" required="false" name="TargetDefinitionFile" lazy="false" direct="false">
<bind-xml node="element" name="TargetDefinitionFile"/>
</field>
<field type="java.lang.String" required="false" name="OSPlatform" lazy="false" direct="false">
<bind-xml node="element" name="OSPlatform"/>
</field>
<field type="java.lang.String" required="false" name="BuildType" lazy="false" direct="false">
<bind-xml node="element" name="BuildType"/>
</field>
<field type="java.lang.String" required="false" name="IntDirectory" lazy="false" direct="false">
<bind-xml node="element" name="IntDirectory"/>
</field>
<field type="java.lang.String" required="false" name="PhoneyTarget" lazy="false" direct="false">
<bind-xml node="element" name="PhoneyTarget"/>
</field>
<field type="com.openmake.integration.OMBuildTask" required="false" name="BuildTasks" lazy="false" direct="false" collection="array">
<bind-xml node="element" name="BuildTask"/>
</field>
<field type="com.openmake.integration.OMDependency" required="false" name="Depends" lazy="false" direct="false" collection="array">
<bind-xml node="element" name="Dependency"/>
</field>
</class>

<!-- The OMTargetInfo and Dependency mappings for Openmake6.0 GA through Openmake6.1 -->
<class name="com.openmake.integration.OMTargetInfo" access="shared">
<map-to xml="OMTargetInfo"/>
<field type="java.lang.String" required="false" name="Name" lazy="false" direct="false">
<bind-xml node="element" name="Name"/>
</field>
<field type="java.lang.String" required="false" name="Project" lazy="false" direct="false">
<bind-xml node="element" name="Project"/>
</field>
<field type="java.lang.String" required="false" name="TargetName" lazy="false" direct="false">
<bind-xml node="element" name="TargetName"/>
</field>
<field type="java.lang.String" required="false" name="OSPlatform" lazy="false" direct="false">
<bind-xml node="element" name="OSPlatform"/>
</field>
<field type="java.lang.String" required="false" name="BuildType" lazy="false" direct="false">
<bind-xml node="element" name="BuildType"/>
</field>
<field type="java.lang.String" required="false" name="TaskName" lazy="false" direct="false">
<bind-xml node="element" name="TaskName"/>
</field>
<field type="java.lang.String" required="false" name="IntDirectory" lazy="false" direct="false">
<bind-xml node="element" name="IntDirectory"/>
</field>
<field type="java.lang.String" required="false" name="Defines" lazy="false" direct="false">
<bind-xml node="element" name="Defines"/>
</field>
<field type="java.lang.String" required="false" name="AdditionalFlags" lazy="false" direct="false">
<bind-xml node="element" name="AdditionalFlags"/>
</field>
<field type="java.lang.String" required="false" name="PhoneyTarget" lazy="false" direct="false">
<bind-xml node="element" name="PhoneyTarget"/>
</field>
<field type="com.openmake.integration.Dependency" required="false" name="Dependencies" lazy="false" direct="false" collection="array">
<bind-xml node="element" name="Dependencies"/>
</field>
</class>

<class name="com.openmake.integration.Dependency" access="shared">
<map-to xml="Dependency"/>
<field type="java.lang.String" required="false" name="Name" lazy="true" direct="false">
<bind-xml node="element" name="Name"/>
</field>
<field type="java.lang.String" required="false" name="TaskName" lazy="true" direct="false">
<bind-xml node="element" name="TaskName"/>
</field>
<field type="java.lang.String" required="false" name="Defines" lazy="true" direct="false">
<bind-xml node="element" name="Defines"/>
</field>
<field type="java.lang.String" required="false" name="AdditionalFlags" lazy="true" direct="false">
<bind-xml node="element" name="AdditionalFlags"/>
</field>
</class>

<!-- The OMDependency mappings for Openmake6.2 -->
<class name="com.openmake.integration.OMDependency" access="shared">
<map-to xml="OMDependency"/>
<field type="java.lang.String" required="false" name="Name" lazy="true" direct="false">
<bind-xml node="element" name="Name"/>
</field>
<field type="integer" required="false" name="Type" lazy="false" direct="false">
<bind-xml node="element" name="Type"/>
</field>
<field type="java.lang.String" required="false" name="ParentBuildTask" lazy="true" direct="false">
<bind-xml node="element" name="ParentBuildTask"/>
</field>
<field type="java.lang.String" required="false" name="ParentOptionGroup" lazy="true" direct="false">
<bind-xml node="element" name="ParentOptionGroup"/>
</field>
<field type="com.openmake.generated.Option" required="false" name="Options" lazy="false" direct="false" collection="array">
<bind-xml node="element" name="Option"/>
</field>
</class>

<!-- The OMBuildTask mappings for Openmake6.2 -->
<class name="com.openmake.integration.OMBuildTask" access="shared">
<map-to xml="BuildTask"/>
<field type="java.lang.String" required="false" name="Name" lazy="true" direct="false">
<bind-xml node="element" name="Name"/>
</field>
<field type="java.lang.String" required="false" name="Description" lazy="true" direct="false">
<bind-xml node="element" name="Description"/>
</field>
<field type="com.openmake.generated.OptionGroup" required="false" name="OptionGroups" lazy="false" direct="false" collection="array">
<bind-xml node="element" name="OptionGroup"/>
</field>
</class>

<!-- The OptionGroup mappings for Openmake6.2 -->
<class name="com.openmake.generated.OptionGroup" access="shared">
<map-to xml="OptionGroup"/>
<field type="java.lang.String" required="false" name="GroupName" lazy="false" direct="false">
<bind-xml node="element" name="GroupName"/>
</field>
<field type="integer" required="false" name="Type" lazy="false" direct="false">
<bind-xml node="element" name="Type"/>
</field>
<field type="com.openmake.generated.Option" required="false" name="Options" lazy="false" direct="false" collection="array">
<bind-xml node="element" name="Option"/>
</field>
</class>

<!-- The Option mappings for Openmake6.2 -->
<class name="com.openmake.generated.Option" access="shared">
<map-to xml="Option"/>
<field type="java.lang.String" required="false" name="Flag" lazy="false" direct="false">
<bind-xml node="element" name="Flag"/>
</field>
<field type="java.lang.String" required="false" name="Parameter" lazy="false" direct="false">
<bind-xml node="element" name="Parameter"/>
</field>
<field type="java.lang.String" required="false" name="Description" lazy="true" direct="false">
<bind-xml node="element" name="Description"/>
</field>
<field type="integer" required="false" name="Type" lazy="false" direct="false">
<bind-xml node="element" name="Type"/>
</field>
</class>

<class name="com.openmake.generated.ImpactIndex" access="shared">
<map-to xml="ImpactIndex"/>
<field type="java.lang.String" required="false" name="Owner" lazy="false" direct="false">
<bind-xml node="element" name="Owner"/>
</field>
<field type="java.lang.String" required="false" name="Project" lazy="false" direct="false">
<bind-xml node="element" name="Project"/>
</field>
<field type="java.lang.String" required="false" name="SearchPath" lazy="false" direct="false">
<bind-xml node="element" name="SearchPath"/>
</field>
<field type="java.lang.String" required="false" name="DateTime" lazy="false" direct="false">
<bind-xml node="element" name="DateTime"/>
</field>
<field type="com.openmake.generated.ImpactDependency" required="false" name="Dependencies" lazy="false" direct="false" collection="array">
<bind-xml node="element" name="Dependencies"/>
</field>
</class>

<class name="com.openmake.generated.ImpactDependency" access="shared">
<map-to xml="ImpactDependency"/>
<field type="java.lang.String" required="false" name="Level" lazy="false" direct="false">
<bind-xml node="element" name="Level"/>
</field>
<field type="java.lang.String" required="false" name="ParentName" lazy="false" direct="false">
<bind-xml node="element" name="ParentName"/>
</field>
<field type="java.lang.String" required="false" name="Name" lazy="false" direct="false">
<bind-xml node="element" name="Name"/>
</field>
<field type="java.lang.String" required="false" name="FileDateTime" lazy="false" direct="false">
<bind-xml node="element" name="FileDateTime"/>
</field>
<field type="java.lang.String" required="false" name="Size" lazy="false" direct="false">
<bind-xml node="element" name="Size"/>
</field>
<field type="java.lang.String" required="false" name="URL" lazy="false" direct="false">
<bind-xml node="element" name="URL"/>
</field>
<field type="java.lang.String" required="false" name="Version" lazy="false" direct="false">
<bind-xml node="element" name="Version"/>
</field>
<field type="java.lang.String" required="false" name="HarvestEnv" lazy="false" direct="false">
<bind-xml node="element" name="HarvestEnv"/>
</field>
<field type="java.lang.String" required="false" name="HarvestState" lazy="false" direct="false">
<bind-xml node="element" name="HarvestState"/>
</field>
</class>

</mapping>
