<?xml version="1.0" encoding="UTF-8"?>
<!DOCTYPE mapping PUBLIC "-//EXOLAB/Castor Object Mapping DTD Version 1.0//EN" "mapping.dtd">

<!-- START CHANGE COMMENTS 

*******************************
MDG - 08.15.06 - 6.4.1_1 Dev
DESCRIPTION: Added LDAP support.

RESOLUTION: Changes were made to the com.openmake.server.User and com.openmake.server.Group classes to handle LDAP
support. Basically, the Name field, when using LDAP, will include the LDAP distinguished name as well as the short
name.

Example:
  
 Users|cn=Users,ou=openmake,dc=catalyst,dc=com

In map.xml several bindings needed to be changed from direct="false" to direct="true" in order to pull the field values
directly rather than using the standard Getter/Setter methods. An example is the com.openmake.server.User class Name
binding. The com.openmake.server.User.getName() method returns a cleaned up (short) version of the LDAP full name,
not the actual Name value. By changing the com.openmake.server.User.Name castor access rule from direct="false"	to 
direct="true", the true full value is used rather than the shortened getName() value.
*******************************
****************************
MDG - 10.18.06 - Case 7434
DESCRIPTION: Activities need to be better organized in the GUI.

RESOLUTION: Added a new "Adapter" field to the ActivityDescriptor class. The "Adapter" field
will be populated with a "|" delimited list of all tool categories that the Activity can belong
to. Example: "Openmake|Harvest|Clear Case|Source Integrity"

Also added a "DefaultLabel" field which will be used to populate the Activity Name field in the
GUI.
****************************
	
END CHANGE COMMENTS -->	

<mapping>

<class name="com.openmake.server.BuildType" access="shared">
<map-to xml="BuildType"/>
<field type="java.lang.String" required="false" name="Version" lazy="false" direct="false">
<bind-xml node="element" name="Version"/>
</field>
<field type="java.lang.String" required="false" name="OperatingSystem" lazy="false" direct="false">
<bind-xml node="element" name="OperatingSystem"/>
</field>
<field type="java.lang.String" required="false" name="Name" lazy="false" direct="false">
<bind-xml node="element" name="Name"/>
</field>
<field type="java.lang.String" required="false" name="TaskType" lazy="false" direct="false">
<bind-xml node="element" name="TaskType"/>
</field>
<field type="java.lang.String" required="false" name="Description" lazy="false" direct="false">
<bind-xml node="element" name="Description"/>
</field>
<field type="java.lang.String" required="false" name="FinalTargetExt" lazy="false" direct="false">
<bind-xml node="element" name="FinalTargetExt"/>
</field>
<field type="com.openmake.server.BuildTask" required="false" name="BuildTasks" lazy="false" direct="false" collection="array">
<bind-xml node="element" name="BuildTasks"/>
</field>
<field type="com.openmake.server.Rule" required="false" name="Rules" lazy="false" direct="false" collection="array">
<bind-xml node="element" name="Rules"/>
</field>
</class>

<class name="com.openmake.server.BuildTask" access="shared">
<map-to xml="BuildTask"/>
<field type="java.lang.String" required="false" name="Name" lazy="false" direct="false">
<bind-xml node="element" name="Name"/>
</field>
<field type="java.lang.String" required="false" name="Description" lazy="false" direct="false">
<bind-xml node="element" name="Description"/>
</field>
<field type="com.openmake.server.OptionGroup" required="false" name="OptionGroups" lazy="false" direct="false" collection="array">
<bind-xml node="element" name="OptionGroups"/>
</field>
</class>

<class name="com.openmake.server.CloudBuilderConfiguration" access="shared">
<map-to xml="CloudBuilderConfiguration"/>
<field type="java.lang.String" required="false" name="VAHome" lazy="false" direct="false">
<bind-xml node="element" name="VAHome"/>
</field>
<field type="java.lang.String" required="false" name="VAUser" lazy="false" direct="false">
<bind-xml node="element" name="VAUser"/>
</field>
<field type="java.lang.String" required="false" name="VAPassword" lazy="false" direct="false">
<bind-xml node="element" name="VAPassword"/>
</field>
<field type="boolean" required="false" name="Encrypt" lazy="false" direct="false">
<bind-xml node="element" name="Encrypt"/>
</field>
</class>


<class name="com.openmake.server.Rule" access="shared">
<map-to xml="Rule"/>
<field type="java.lang.String" required="false" name="ParentBuildTask" lazy="false" direct="false">
<bind-xml node="element" name="ParentBuildTask"/>
</field>
<field type="java.lang.String" required="false" name="TargetExt" lazy="false" direct="false">
<bind-xml node="element" name="TargetExt"/>
</field>
<field type="java.lang.String" required="false" name="SourceExts" lazy="false" direct="false">
<bind-xml node="element" name="SourceExts"/>
</field>
<field type="java.lang.String" required="false" name="NameFrom" lazy="false" direct="false">
<bind-xml node="element" name="NameFrom"/>
</field>
<field type="java.lang.String" required="false" name="CompilerName" lazy="false" direct="false">
<bind-xml node="element" name="CompilerName"/>
</field>
<field type="java.lang.String" required="false" name="Makefile" lazy="false" direct="false">
<bind-xml node="element" name="Makefile"/>
</field>
<field type="java.lang.String" required="false" name="ToDir" lazy="false" direct="false">
<bind-xml node="element" name="ToDir"/>
</field>
<field type="java.lang.String" required="false" name="CommonFlags" lazy="false" direct="false">
<bind-xml node="element" name="CommonFlags"/>
</field>
<field type="java.lang.String" required="false" name="DebugFlags" lazy="false" direct="false">
<bind-xml node="element" name="DebugFlags"/>
</field>
<field type="java.lang.String" required="false" name="ReleaseFlags" lazy="false" direct="false">
<bind-xml node="element" name="ReleaseFlags"/>
</field>
<field type="com.openmake.server.OptionGroup" required="false" name="OptionGroup" lazy="false" direct="false">
<bind-xml node="element" name="OptionGroup"/>
</field>
</class>

<class name="com.openmake.server.OptionGroup" access="shared">
<map-to xml="OptionGroup"/>
<field type="java.lang.String" required="false" name="GroupName" lazy="false" direct="false">
<bind-xml node="element" name="GroupName"/>
</field>
<field type="integer" required="false" name="Type" lazy="false" direct="false">
<bind-xml node="element" name="Type"/>
</field>
<field type="java.lang.String" required="false" name="Description" lazy="false" direct="false">
<bind-xml node="element" name="Description"/>
</field>
<field type="com.openmake.server.Option" required="false" name="Options" lazy="false" direct="false" collection="array">
<bind-xml node="element" name="Options"/>
</field>
</class>

<class name="com.openmake.server.Option" access="shared">
<map-to xml="Option"/>
<field type="java.lang.String" required="false" name="Flag" lazy="false" direct="false">
<bind-xml node="element" name="Flag"/>
</field>
<field type="integer" required="false" name="Type" lazy="false" direct="false">
<bind-xml node="element" name="Type"/>
</field>
<field type="java.lang.String" required="false" name="Parameter" lazy="false" direct="false">
<bind-xml node="element" name="Parameter"/>
</field>
<field type="java.lang.String" required="false" name="Description" lazy="false" direct="false">
<bind-xml node="element" name="Description"/>
</field>
</class>

<class name="com.openmake.server.ReleaseStatus" access="shared">
<map-to xml="ReleaseStatus"/>
<field type="java.lang.String" required="false" name="Status" lazy="false" direct="false" collection="array">
<bind-xml node="element" name="Status"/>
</field>
</class>

<class name="com.openmake.server.User" access="shared">
<map-to xml="User"/>
<field type="java.lang.String" required="false" name="Name" lazy="false" direct="true"> <!-- MDG - 08.15.06 - 6.4.1_1 Dev -->
<bind-xml node="element" name="Name"/>
</field>
<field type="integer" required="false" name="Type" lazy="false" direct="false">
<bind-xml node="element" name="Type"/>
</field>
<field type="java.lang.String" required="false" name="Project" lazy="false" direct="false">
<bind-xml node="element" name="Project"/>
</field>
<field type="java.lang.String" required="false" name="SearchPath" lazy="false" direct="false">
<bind-xml node="element" name="SearchPath"/>
</field>
<field type="java.lang.String" required="false" name="TaskListName" lazy="false" direct="false">
<bind-xml node="element" name="TaskListName"/>
</field>
<field type="java.lang.String" required="false" name="BuildDirectory" lazy="false" direct="false">
<bind-xml node="element" name="BuildDirectory"/>
</field>
<field type="java.lang.String" required="false" name="Groups" lazy="false" direct="true" collection="array"> <!-- MDG - 08.15.06 - 6.4.1_1 Dev -->
<bind-xml node="element" name="Groups"/>
</field>
</class>

<class name="com.openmake.server.CompilerLinker" access="shared">
<map-to xml="CompilerLinker"/>
<field type="java.lang.String" required="false" name="Name" lazy="false" direct="false">
<bind-xml node="element" name="Name"/>
</field>
<field type="com.openmake.server.CompilerGroup" required="false" name="Groups" lazy="false" direct="false" collection="array">
<bind-xml node="element" name="Groups"/>
</field>
</class>
<class name="com.openmake.server.CompilerGroup" access="shared">
<map-to xml="CompilerGroup"/>
<field type="java.lang.String" required="false" name="GroupName" lazy="false" direct="false">
<bind-xml node="element" name="GroupName"/>
</field>
<field type="com.openmake.server.CompilerFlag" required="false" name="Flags" lazy="false" direct="false" collection="array">
<bind-xml node="element" name="Flags"/>
</field>
</class>
<class name="com.openmake.server.CompilerFlag" access="shared">
<map-to xml="CompilerFlag"/>
<field type="java.lang.String" required="false" name="Flag" lazy="false" direct="false">
<bind-xml node="element" name="Flag"/>
</field>
<field type="java.lang.String" required="false" name="ShortDesc" lazy="false" direct="false">
<bind-xml node="element" name="ShortDesc"/>
</field>
<field type="java.lang.String" required="false" name="Description" lazy="false" direct="false">
<bind-xml node="element" name="Description"/>
</field>
</class>
<class name="com.openmake.server.Project" access="shared">
<map-to xml="Project"/>
<field type="java.lang.String" required="false" name="Name" lazy="false" direct="false">
<bind-xml node="element" name="Name"/>
</field>
<field type="com.openmake.server.SearchPath" required="false" name="SearchPaths" lazy="false" direct="false" collection="array">
<bind-xml node="element" name="SearchPaths"/>
</field>
</class>
<class name="com.openmake.server.SearchPath" access="shared">
<map-to xml="SearchPath"/>
<field type="java.lang.String" required="false" name="Name" lazy="false" direct="false">
<bind-xml node="element" name="Name"/>
</field>
<field type="java.lang.String" required="false" name="Description" lazy="false" direct="false">
<bind-xml node="element" name="Description"/>
</field>
<field type="java.lang.String" required="false" name="Paths" lazy="false" direct="false" collection="array">
<bind-xml node="element" name="Paths"/>
</field>
</class>


<class name="com.openmake.server.TaskList" access="shared">
<map-to xml="TaskList"/>
<field type="java.lang.String" required="false" name="Version" lazy="false" direct="false">
<bind-xml node="element" name="Version"/>
</field>
<field type="java.lang.String" required="false" name="Name" lazy="false" direct="false">
<bind-xml node="element" name="Name"/>
</field>
<field type="java.lang.String" required="false" name="Owner" lazy="false" direct="false">
<bind-xml node="element" name="Owner"/>
</field>
<field type="java.lang.String" required="false" name="PublicBuild" lazy="false" direct="false">
<bind-xml node="element" name="PublicBuild"/>
</field>
<field type="boolean" required="false" name="SaveMetrics" lazy="false" direct="false">
<bind-xml node="element" name="SaveMetrics"/>
</field>
<field type="java.lang.String" required="false" name="BuildLabel" lazy="false" direct="false">
<bind-xml node="element" name="BuildLabel"/>
</field>
<field type="java.lang.String" required="false" name="BuildNumber" lazy="false" direct="false">
<bind-xml node="element" name="BuildNumber"/>
</field>
<field type="java.lang.String" required="false" name="Schedule" lazy="false" direct="false">
<bind-xml node="element" name="Schedule"/>
</field>
<field type="java.lang.String" required="false" name="LastBuildNumber" lazy="false" direct="false">
<bind-xml node="element" name="LastBuildNumber"/>
</field>
<field type="java.lang.String" required="false" name="LastBuildLabel" lazy="false" direct="false">
<bind-xml node="element" name="LastBuildLabel"/>
</field>
<field type="java.lang.String" required="false" name="LastBuildDateTime" lazy="false" direct="false">
<bind-xml node="element" name="LastBuildDateTime"/>
</field>
<field type="java.lang.String" required="false" name="LastBuildStatus" lazy="false" direct="false">
<bind-xml node="element" name="LastBuildStatus"/>
</field>
<field type="com.openmake.server.EnvVar" required="false" name="EnvVars" lazy="false" direct="false" collection="array">
<bind-xml node="element" name="EnvVars"/>
</field>
<field type="com.openmake.server.MachineInfo" required="false" name="MachineInfos" lazy="false" direct="false" collection="array">
<bind-xml node="element" name="MachineInfos"/>
</field>
<field type="com.openmake.server.Task" required="false" name="Tasks" lazy="false" direct="false" collection="array">
<bind-xml node="element" name="Tasks"/>
</field>
</class>

<class name="com.openmake.server.LastBuild" access="shared">
<map-to xml="LastBuild"/>
<field type="java.lang.String" required="false" name="LastBuildNumber" lazy="false" direct="false">
<bind-xml node="element" name="LastBuildNumber"/>
</field>
<field type="java.lang.String" required="false" name="LastBuildLabel" lazy="false" direct="false">
<bind-xml node="element" name="LastBuildLabel"/>
</field>
<field type="java.lang.String" required="false" name="LastBuildDateTime" lazy="false" direct="false">
<bind-xml node="element" name="LastBuildDateTime"/>
</field>
<field type="java.lang.String" required="false" name="LastBuildStatus" lazy="false" direct="false">
<bind-xml node="element" name="LastBuildStatus"/>
</field>
</class>

<class name="com.openmake.server.Task" access="shared">
<map-to xml="Task"/>
<field type="java.lang.String" required="false" name="Name" lazy="false" direct="false">
<bind-xml node="element" name="Name"/>
</field>
<field type="java.lang.String" required="false" name="Type" lazy="false" direct="false">
<bind-xml node="element" name="Type"/>
</field>
<field type="java.lang.String" required="false" name="Adapter" lazy="false" direct="false"> <!-- MDG - 10.18.06 - Case 7434 -->
<bind-xml node="element" name="Adapter"/>
</field>
<field type="java.lang.String" required="false" name="Machine" lazy="false" direct="false">
<bind-xml node="element" name="Machine"/>
</field>
<field type="java.lang.String" required="false" name="Command" lazy="false" direct="false">
<bind-xml node="element" name="Command"/>
</field>
<field type="java.lang.String" required="false" name="BuildDirectory" lazy="false" direct="false">
<bind-xml node="element" name="BuildDirectory"/>
</field>
<field type="java.lang.String" required="false" name="DependsOn" lazy="false" direct="false" collection="array">
<bind-xml node="element" name="DependsOn"/>
</field>
<field type="integer" required="false" name="TimeOut" lazy="false" direct="false">
<bind-xml node="element" name="TimeOut"/>
</field>
<field type="boolean" required="false" name="FailOnError" lazy="false" direct="false">
<bind-xml node="element" name="FailOnError"/>
</field>
<field type="com.openmake.server.EnvVar" required="false" name="EnvVars" lazy="false" direct="false" collection="array">
<bind-xml node="element" name="EnvVars"/>
</field>
<field type="java.lang.String" required="false" name="CommandPatterns" lazy="false" direct="false" collection="array">
<bind-xml node="element" name="CommandPatterns"/>
</field>
</class>

<class name="com.openmake.server.MachineInfo" access="shared">
<map-to xml="MachineInfo"/>
<field type="java.lang.String" required="false" name="MachineName" lazy="false" direct="false">
<bind-xml node="element" name="MachineName"/>
</field>
<field type="java.lang.String" required="false" name="HostName" lazy="false" direct="false">
<bind-xml node="element" name="HostName"/>
</field>
<field type="boolean" required="false" name="localMode" lazy="false" direct="false">
<bind-xml node="element" name="localMode"/>
</field>
<field type="boolean" required="false" name="execute" lazy="false" direct="false">
<bind-xml node="element" name="execute"/>
</field>
<field type="java.lang.String" required="false" name="InitialBuildDirectory" lazy="false" direct="false">
<bind-xml node="element" name="InitialBuildDirectory"/>
</field>
<field type="com.openmake.server.EnvVar" required="false" name="EnvVars" lazy="false" direct="false" collection="array">
<bind-xml node="element" name="EnvVars"/>
</field>
</class>

<class name="com.openmake.server.EnvVar" access="shared">
<map-to xml="EnvVar"/>
<field type="java.lang.String" required="false" name="type" lazy="false" direct="false">
<bind-xml node="element" name="type"/>
</field>
<field type="java.lang.String" required="false" name="key" lazy="false" direct="false">
<bind-xml node="element" name="key"/>
</field>
<field type="java.lang.String" required="false" name="value" lazy="false" direct="false">
<bind-xml node="element" name="value"/>
</field>
</class>

<class name="com.openmake.server.Schedule" access="shared">
<map-to xml="Schedule"/>
<field type="java.lang.String" required="false" name="Name" lazy="false" direct="false">
<bind-xml node="element" name="Name"/>
</field>
<field type="java.lang.String" required="false" name="Owner" lazy="false" direct="false">
<bind-xml node="element" name="Owner"/>
</field>
<field type="java.lang.String" required="false" name="PublicBuild" lazy="false" direct="false">
<bind-xml node="element" name="PublicBuild"/>
</field>
<field type="java.lang.String" required="false" name="minutes" lazy="false" direct="false">
<bind-xml node="element" name="minutes"/>
</field>
<field type="java.lang.String" required="false" name="hours" lazy="false" direct="false">
<bind-xml node="element" name="hours"/>
</field>
<field type="java.lang.String" required="false" name="dates" lazy="false" direct="false">
<bind-xml node="element" name="dates"/>
</field>
<field type="java.lang.String" required="false" name="months" lazy="false" direct="false">
<bind-xml node="element" name="months"/>
</field>
<field type="java.lang.String" required="false" name="days" lazy="false" direct="false">
<bind-xml node="element" name="days"/>
</field>
<field type="java.lang.String" required="false" name="timeZone" lazy="false" direct="false">
<bind-xml node="element" name="timeZone"/>
</field>
</class>

<class name="com.openmake.server.ActivityDescriptor" access="shared">
<map-to xml="ActivityDescriptor"/>
<field type="java.lang.String" required="false" name="Name" lazy="false" direct="false">
<bind-xml node="element" name="Name"/>
</field>
<field type="java.lang.String" required="false" name="Adapter" lazy="false" direct="false"> <!-- MDG - 10.18.06 - Case 7434 -->
<bind-xml node="element" name="Adapter"/>
</field>
<field type="java.lang.String" required="false" name="DefaultLabel" lazy="false" direct="false"> <!-- MDG - 10.18.06 - Case 7434 -->
<bind-xml node="element" name="DefaultLabel"/>
</field>
<field type="java.lang.String" required="false" name="Command" lazy="false" direct="false">
<bind-xml node="element" name="Command"/>
</field>
<field type="integer" required="false" name="DefaultView" lazy="false" direct="false">
<bind-xml node="element" name="DefaultView"/>
</field>
<field type="com.openmake.server.GUIComponent" required="false" name="GUIComponents" lazy="false" direct="false" collection="array">
<bind-xml node="element" name="GUIComponents"/>
</field>
</class>

<class name="com.openmake.server.GUIComponent" access="shared">
<map-to xml="GUIComponent"/>
<field type="integer" required="false" name="type" lazy="false" direct="false">
<bind-xml node="element" name="type"/>
</field>
<field type="java.lang.String" required="false" name="label" lazy="false" direct="false">
<bind-xml node="element" name="label"/>
</field>
<field type="java.lang.String" required="false" name="replacePattern" lazy="false" direct="false">
<bind-xml node="element" name="replacePattern"/>
</field>
<field type="boolean" required="false" name="editable" lazy="false" direct="false">
<bind-xml node="element" name="editable"/>
</field>
<field type="boolean" required="false" name="required" lazy="false" direct="false">
<bind-xml node="element" name="required"/>
</field>
<field type="java.lang.String" required="false" name="value" lazy="false" direct="false" collection="array">
<bind-xml node="element" name="value"/>
</field>
</class>

<class name="com.openmake.server.Log" access="shared">
<map-to xml="Log"/>
<field type="java.lang.String" required="false" name="BuildJobName" lazy="false" direct="false">
<bind-xml node="element" name="BuildJobName"/>
</field>
<field type="java.lang.String" required="false" name="Owner" lazy="false" direct="false">
<bind-xml node="element" name="Owner"/>
</field>
<field type="java.lang.String" required="false" name="Machine" lazy="false" direct="false">
<bind-xml node="element" name="Machine"/>
</field>
<field type="java.lang.String" required="false" name="DateTime" lazy="false" direct="false">
<bind-xml node="element" name="DateTime"/>
</field>
<field type="boolean" required="false" name="PublicBuildJob" lazy="false" direct="false">
<bind-xml node="element" name="PublicBuildJob"/>
</field>
<field type="com.openmake.server.LogEvent" required="false" name="LogEvents" lazy="false" direct="false" collection="array">
<bind-xml node="element" name="LogEvents"/>
</field>
</class>
<class name="com.openmake.server.LogEvent" access="shared">
<map-to xml="LogEvent"/>
<field type="integer" required="false" name="EventType" lazy="false" direct="false">
<bind-xml node="element" name="EventType"/>
</field>
<field type="java.lang.String" required="false" name="DetailGroup" lazy="false" direct="false">
<bind-xml node="element" name="DetailGroup"/>
</field>
<field type="java.lang.String" required="false" name="DateTime" lazy="false" direct="false">
<bind-xml node="element" name="DateTime"/>
</field>
<field type="java.lang.String" required="false" name="Source" lazy="false" direct="false">
<bind-xml node="element" name="Source"/>
</field>
<field type="java.lang.String" required="false" name="Event" lazy="false" direct="false">
<bind-xml node="element" name="Event"/>
</field>
<field type="java.lang.String" required="false" name="ShortMsg" lazy="false" direct="false">
<bind-xml node="element" name="ShortMsg"/>
</field>
<field type="java.lang.String" required="false" name="Message" lazy="false" direct="false">
<bind-xml node="element" name="Message"/>
</field>
</class>

<class name="com.openmake.server.Preference" access="shared">
<map-to xml="Preference"/>
<field type="java.lang.String" required="false" name="User" lazy="false" direct="true"> 
<bind-xml node="element" name="User"/>
</field>
<field type="java.lang.String" required="false" name="WorkflowFilter" lazy="false" direct="true" collection="array"> 
<bind-xml node="element" name="WorkflowFilter"/>
</field>
<field type="java.lang.String" required="false" name="ProjectFilter" lazy="false" direct="true" collection="array"> 
<bind-xml node="element" name="ProjectFilter"/>
</field>
</class>

<class name="com.openmake.server.Group" access="shared">
<map-to xml="Group"/>
<field type="java.lang.String" required="false" name="Name" lazy="false" direct="true"> <!-- MDG - 08.15.06 - 6.4.1_1 Dev -->
<bind-xml node="element" name="Name"/>
</field>

<field type="java.lang.String" required="false" name="Members" lazy="false" direct="true" collection="array"> <!-- MDG - 08.15.06 - 6.4.1_1 Dev -->
<bind-xml node="element" name="Members"/>
</field>
<field type="java.lang.String" required="false" name="ServerPoolExecute" lazy="false" direct="false" collection="array">
<bind-xml node="element" name="ServerPoolExecute"/>
</field>
<field type="java.lang.String" required="false" name="SearchPathRead" lazy="false" direct="false" collection="array">
<bind-xml node="element" name="SearchPathRead"/>
</field>
<field type="java.lang.String" required="false" name="SearchPathWrite" lazy="false" direct="false" collection="array">
<bind-xml node="element" name="SearchPathWrite"/>
</field>
<field type="java.lang.String" required="false" name="SearchPathDelete" lazy="false" direct="false" collection="array">
<bind-xml node="element" name="SearchPathDelete"/>
</field>
<field type="java.lang.String" required="false" name="SearchPathAdd" lazy="false" direct="false" collection="array">
<bind-xml node="element" name="SearchPathAdd"/>
</field>
<field type="java.lang.String" required="false" name="BuildJobRead" lazy="false" direct="false" collection="array">
<bind-xml node="element" name="BuildJobRead"/>
</field>
<field type="java.lang.String" required="false" name="BuildJobWrite" lazy="false" direct="false" collection="array">
<bind-xml node="element" name="BuildJobWrite"/>
</field>
<field type="java.lang.String" required="false" name="BuildJobDelete" lazy="false" direct="false" collection="array">
<bind-xml node="element" name="BuildJobDelete"/>
</field>
<field type="java.lang.String" required="false" name="BuildJobExecute" lazy="false" direct="false" collection="array">
<bind-xml node="element" name="BuildJobExecute"/>
</field>

<field type="java.lang.String" required="false" name="BuildTypeRead" lazy="false" direct="false" collection="array">
<bind-xml node="element" name="BuildTypeRead"/>
</field>
<field type="java.lang.String" required="false" name="BuildTypeWrite" lazy="false" direct="false" collection="array">
<bind-xml node="element" name="BuildTypeWrite"/>
</field>
<field type="java.lang.String" required="false" name="BuildTypeDelete" lazy="false" direct="false" collection="array">
<bind-xml node="element" name="BuildTypeDelete"/>
</field>
<field type="java.lang.String" required="false" name="BuildTypeAdd" lazy="false" direct="false" collection="array">
<bind-xml node="element" name="BuildTypeAdd"/>
</field>
</class>
<class name="com.openmake.server.BuildMachine" access="shared">
<map-to xml="BuildMachine"/>
<field type="java.lang.String" required="false" name="Name" lazy="false" direct="false">
<bind-xml node="element" name="Name"/>
</field>
<field type="boolean" required="false" name="localMode" lazy="false" direct="false">
<bind-xml node="element" name="localMode"/>
</field>
<field type="java.lang.String" required="false" name="OSType" lazy="false" direct="false">
<bind-xml node="element" name="OSType"/>
</field>
<field type="java.lang.String" required="false" name="LogDirectory" lazy="false" direct="false">
<bind-xml node="element" name="LogDirectory"/>
</field>
<field type="java.lang.String" required="false" name="URLString" lazy="false" direct="false">
<bind-xml node="element" name="URLString"/>
</field>
<field type="java.lang.String" required="false" name="Description" lazy="false" direct="false">
<bind-xml node="element" name="Description"/>
</field>
<field type="java.lang.String" required="false" name="PoolMembers" lazy="false" direct="false" collection="array">
<bind-xml node="element" name="PoolMembers"/>
</field>
<field type="boolean" required="false" name="Available" lazy="false" direct="false" collection="array">
<bind-xml node="element" name="Available"/>
</field>
</class>

<class name="com.openmake.server.BuildMachineStats" access="shared">
<map-to xml="BuildMachineStats"/>
<field type="java.lang.String" required="false" name="HostName" lazy="false" direct="false">
<bind-xml node="element" name="HostName"/>
</field>
<field type="boolean" required="false" name="localMode" lazy="false" direct="false">
<bind-xml node="element" name="localMode"/>
</field>
<field type="boolean" required="false" name="Online" lazy="false" direct="false">
<bind-xml node="element" name="Online"/>
</field>
<field type="java.lang.Float" required="false" name="IdleCPU" lazy="false" direct="false">
<bind-xml node="element" name="IdleCPU"/>
</field>
<field type="integer" required="false" name="PortNumber" lazy="false" direct="false">
<bind-xml node="element" name="PortNumber"/>
</field>
<field type="java.lang.String" required="false" name="OSType" lazy="false" direct="false">
<bind-xml node="element" name="OSType"/>
</field>
<field type="java.lang.String" required="false" name="LastUpdate" lazy="false" direct="false">
<bind-xml node="element" name="LastUpdate"/>
</field>
<field type="java.lang.String" required="false" name="ProcessData" lazy="false" direct="true" collection="array">
<bind-xml node="element" name="ProcessData"/>
</field>
</class>

<class name="com.openmake.server.AgentThreshold" access="shared">
<map-to xml="AgentThreshold"/>
<field type="java.lang.String" required="false" name="AgentName" lazy="false" direct="false">
<bind-xml node="element" name="AgentName"/>
</field>
<field type="java.lang.String" required="false" name="Description" lazy="false" direct="false">
<bind-xml node="element" name="Description"/>
</field>
<field type="java.lang.String" required="false" name="Type" lazy="false" direct="false">
<bind-xml node="element" name="Type"/>
</field>
<field type="java.lang.String" required="false" name="StartupCmd" lazy="false" direct="false">
<bind-xml node="element" name="StartupCmd"/>
</field>
<field type="integer" required="false" name="CPU" lazy="false" direct="false">
<bind-xml node="element" name="CPU"/>
</field>
<field type="integer" required="false" name="QueueDepth" lazy="false" direct="false">
<bind-xml node="element" name="QueueDepth"/>
</field>
<field type="integer" required="false" name="RunDepth" lazy="false" direct="false">
<bind-xml node="element" name="RunDepth"/>
</field>
<field type="integer" required="false" name="TerminateTime" lazy="false" direct="false">
<bind-xml node="element" name="TerminateTime"/>
</field>
</class>

<class name="com.openmake.server.ImpactIndex" access="shared">
<map-to xml="ImpactIndex"/>
<field type="java.lang.String" required="false" name="Owner" lazy="false" direct="false">
<bind-xml node="element" name="Owner"/>
</field>
<field type="java.lang.String" required="false" name="Project" lazy="false" direct="false">
<bind-xml node="element" name="Project"/>
</field>
<field type="java.lang.String" required="false" name="SearchPath" lazy="false" direct="false">
<bind-xml node="element" name="SearchPath"/>
</field>
<field type="java.lang.String" required="false" name="DateTime" lazy="false" direct="false">
<bind-xml node="element" name="DateTime"/>
</field>
<field type="com.openmake.server.ImpactDependency" required="false" name="Dependencies" lazy="false" direct="false" collection="array">
<bind-xml node="element" name="Dependencies"/>
</field>

</class>
<class name="com.openmake.server.ImpactIndexList" access="shared">
<map-to xml="ImpactIndexList"/>
<field type="java.lang.String" required="false" name="Owner" lazy="false" direct="false">
<bind-xml node="element" name="Owner"/>
</field>
<field type="java.lang.String" required="false" name="Project" lazy="false" direct="false">
<bind-xml node="element" name="Project"/>
</field>
<field type="java.lang.String" required="false" name="SearchPath" lazy="false" direct="false">
<bind-xml node="element" name="SearchPath"/>
</field>
<field type="java.lang.String" required="false" name="DateTime" lazy="false" direct="false">
<bind-xml node="element" name="DateTime"/>
</field>
<field type="java.lang.String" required="false" name="DependencyFileName" lazy="false" direct="false">
<bind-xml node="element" name="DependencyFileName"/>
</field>

</class>
<class name="com.openmake.server.ImpactDependency" access="shared">
<map-to xml="ImpactDependency"/>
<field type="java.lang.String" required="false" name="Level" lazy="false" direct="false">
<bind-xml node="element" name="Level"/>
</field>
<field type="java.lang.String" required="false" name="ParentName" lazy="false" direct="false">
<bind-xml node="element" name="ParentName"/>
</field>
<field type="java.lang.String" required="false" name="Name" lazy="false" direct="false">
<bind-xml node="element" name="Name"/>
</field>
<field type="java.lang.String" required="false" name="FileDateTime" lazy="false" direct="false">
<bind-xml node="element" name="FileDateTime"/>
</field>
<field type="java.lang.String" required="false" name="Size" lazy="false" direct="false">
<bind-xml node="element" name="Size"/>
</field>
<field type="java.lang.String" required="false" name="URL" lazy="false" direct="false">
<bind-xml node="element" name="URL"/>
</field>
<field type="java.lang.String" required="false" name="Version" lazy="false" direct="false">
<bind-xml node="element" name="Version"/>
</field>
<field type="java.lang.String" required="false" name="HarvestEnv" lazy="false" direct="false">
<bind-xml node="element" name="HarvestEnv"/>
</field>
<field type="java.lang.String" required="false" name="HarvestState" lazy="false" direct="false">
<bind-xml node="element" name="HarvestState"/>
</field>
</class>


<!-- MG. 06/10/05. Openmake 6.4 Development. Added a new Report class that is stored on the KB Server. The class contains
     the Name of the Report and the corresponding URL String used to load the Report in a browser.			-->
<class name="com.openmake.server.Report" access="shared">
<map-to xml="Report"/>
<field type="java.lang.String" required="false" name="Name" lazy="false" direct="false">
<bind-xml node="element" name="Name"/>
</field>
<field type="java.lang.String" required="false" name="URLString" lazy="false" direct="false">
<bind-xml node="element" name="URLString"/>
</field>
</class>

<class name="com.openmake.server.ContinuousIntegration" access="shared">
<map-to xml="ContinuousIntegration"/>
<field type="java.lang.String" required="false" name="Owner" lazy="false" direct="false">
<bind-xml node="element" name="Owner"/>
</field>
<field type="java.lang.String" required="false" name="PublicBuild" lazy="false" direct="false">
<bind-xml node="element" name="PublicBuild"/>
</field>
<field type="java.lang.String" required="false" name="WorkflowName" lazy="false" direct="false">
<bind-xml node="element" name="WorkflowName"/>
</field>
<field type="java.lang.String" required="false" name="Machine" lazy="false" direct="false">
<bind-xml node="element" name="Machine"/>
</field>
<field type="java.lang.String" required="false" name="Command" lazy="false" direct="false">
<bind-xml node="element" name="Command"/>
</field>
<field type="java.lang.String" required="false" name="BuildDirectory" lazy="false" direct="false">
<bind-xml node="element" name="BuildDirectory"/>
</field>
<field type="java.lang.String" required="false" name="SourceFilter" lazy="false" direct="false">
<bind-xml node="element" name="SourceFilter"/>
</field>
<field type="java.lang.String" required="false" name="Type" lazy="false" direct="false">
<bind-xml node="element" name="Type"/>
</field>
<field type="java.lang.String" required="false" name="Adapter" lazy="false" direct="false">
<bind-xml node="element" name="Adapter"/>
</field>
<field type="java.lang.String" required="false" name="CIType" lazy="false" direct="false">
<bind-xml node="element" name="CIType"/>
</field>
<field type="java.lang.String" required="false" name="CIMinutes" lazy="false" direct="false">
<bind-xml node="element" name="CIMinutes"/>
</field>
<field type="java.lang.String" required="false" name="CommandPatterns" lazy="false" direct="false" collection="array">
<bind-xml node="element" name="CommandPatterns"/>
</field>
</class>

<class name="com.openmake.server.JapexResults" access="shared">
<map-to xml="JapexResults"/>
<field type="java.lang.String" required="false" name="Driver" lazy="false" direct="false">
<bind-xml node="element" name="Driver"/>
</field>
<field type="java.lang.Float" required="false" name="resultAritMean" lazy="false" direct="false">
<bind-xml node="element" name="resultAritMean"/>
</field>
<field type="java.lang.Float" required="false" name="resultGeomMean" lazy="false" direct="false">
<bind-xml node="element" name="resultGeomMean"/>
</field>
<field type="java.lang.Float" required="false" name="resultHarmMean" lazy="false" direct="false">
<bind-xml node="element" name="resultHarmMean"/>
</field>
</class>

<class name="com.openmake.server.History" access="shared">
<map-to xml="History"/>
<field type="java.lang.String" required="false" name="BuildNumber" lazy="false" direct="false">
<bind-xml node="element" name="BuildNumber"/>
</field>
<field type="java.lang.String" required="false" name="Results" lazy="false" direct="false">
<bind-xml node="element" name="Results"/>
</field>
<field type="java.lang.String" required="false" name="StartTime" lazy="false" direct="false">
<bind-xml node="element" name="StartTime"/>
</field>
<field type="java.lang.String" required="false" name="Duration" lazy="false" direct="false">
<bind-xml node="element" name="Duration"/>
</field>
<field type="java.lang.String" required="false" name="Owner" lazy="false" direct="false">
<bind-xml node="element" name="Owner"/>
</field>
<field type="java.lang.String" required="false" name="ProjectDepDir" lazy="false" direct="false">
<bind-xml node="element" name="ProjectDepDir"/>
</field>
<field type="java.lang.Boolean" required="false" name="PublicBuildJob" lazy="false" direct="false">
<bind-xml node="element" name="PublicBuildJob"/>
</field>
<field type="long" required="false" name="DurationInMilliSecs" lazy="false" direct="false">
<bind-xml node="element" name="DurationInMilliSecs"/>
</field>
<field type="integer" required="false" name="FailedCnt" lazy="false" direct="false">
<bind-xml node="element" name="FailedCnt"/>
</field>
<field type="integer" required="false" name="SuccessCnt" lazy="false" direct="false">
<bind-xml node="element" name="SuccessCnt"/>
</field>
<field type="integer" required="false" name="BuildFailedCnt" lazy="false" direct="false">
<bind-xml node="element" name="BuildFailedCnt"/>
</field>
<field type="integer" required="false" name="BuildSuccessCnt" lazy="false" direct="false">
<bind-xml node="element" name="BuildSuccessCnt"/>
</field>
<field type="integer" required="false" name="BinaryCnt" lazy="false" direct="false">
<bind-xml node="element" name="BinaryCnt"/>
</field>
</class>


<class name="com.openmake.server.PMDResults" access="shared">
<map-to xml="PMDResults"/>
<field type="java.lang.String" required="false" name="rule" lazy="false" direct="false">
<bind-xml node="element" name="rule"/>
</field>
<field type="integer" required="false" name="count" lazy="false" direct="false">
<bind-xml node="element" name="count"/>
</field>
</class>

<class name="com.openmake.server.FindBugsResults" access="shared">
<map-to xml="FindBugsResults"/>
<field type="java.lang.String" required="false" name="Metric" lazy="false" direct="false">
<bind-xml node="element" name="Metric"/>
</field>
<field type="integer" required="false" name="total" lazy="false" direct="false">
<bind-xml node="element" name="total"/>
</field>
<field type="java.lang.Float" required="false" name="Density" lazy="false" direct="false">
<bind-xml node="element" name="Density"/>
</field>
</class>

<class name="com.openmake.server.JDependResults" access="shared">
<map-to xml="JDependResults"/>
<field type="java.lang.String" required="false" name="PackageName" lazy="false" direct="false">
<bind-xml node="element" name="PackageName"/>
</field>
<field type="integer" required="false" name="TotalClasses" lazy="false" direct="false">
<bind-xml node="element" name="TotalClasses"/>
</field>
<field type="integer" required="false" name="AbstractClasses" lazy="false" direct="false">
<bind-xml node="element" name="AbstractClasses"/>
</field>
<field type="integer" required="false" name="ConcreteClasses" lazy="false" direct="false">
<bind-xml node="element" name="ConcreteClasses"/>
</field>
<field type="integer" required="false" name="AfferentCoupling" lazy="false" direct="false">
<bind-xml node="element" name="AfferentCoupling"/>
</field>
<field type="integer" required="false" name="EfferentCoupling" lazy="false" direct="false">
<bind-xml node="element" name="EfferentCoupling"/>
</field>	
<field type="java.lang.Float" required="false" name="Istablity" lazy="false" direct="false">
<bind-xml node="element" name="Istablity"/>
</field>
<field type="java.lang.Float" required="false" name="Distance" lazy="false" direct="false">
<bind-xml node="element" name="Distance"/>
</field>
</class>

<class name="com.openmake.server.ReportSummary" access="shared">
<map-to xml="ReportSummary"/>
<field type="integer" required="false" name="CheckStyleTotalFiles" lazy="false" direct="false">
<bind-xml node="element" name="CheckStyleTotalFiles"/>
</field>
<field type="integer" required="false" name="CheckStyleFilesWithErrors" lazy="false" direct="false">
<bind-xml node="element" name="CheckStyleFilesWithErrors"/>
</field>
<field type="integer" required="false" name="CheckStyleTotalErrors" lazy="false" direct="false">
<bind-xml node="element" name="CheckStyleTotalErrors"/>
</field>
<field type="integer" required="false" name="CheckStyleErrorsPerFile" lazy="false" direct="false">
<bind-xml node="element" name="CheckStyleErrorsPerFile"/>
</field>
<field type="integer" required="false" name="HasCheckStyle" lazy="false" direct="false">
<bind-xml node="element" name="HasCheckStyle"/>
</field>

<field type="java.lang.Float" required="false" name="CrapPercentage" lazy="false" direct="false">
<bind-xml node="element" name="CrapPercentage"/>
</field>
<field type="integer" required="false" name="CrapLoad" lazy="false" direct="false">
<bind-xml node="element" name="CrapLoad"/>
</field>
<field type="integer" required="false" name="CrapTotalMethod" lazy="false" direct="false">
<bind-xml node="element" name="CrapTotalMethod"/>
</field>
<field type="integer" required="false" name="CrapMethodCount" lazy="false" direct="false">
<bind-xml node="element" name="CrapMethodCount"/>
</field>	
<field type="integer" required="false" name="HasCrap4J" lazy="false" direct="false">
<bind-xml node="element" name="HasCrap4J"/>
</field>

<field type="integer" required="false" name="JUnitTests" lazy="false" direct="false">
<bind-xml node="element" name="JUnitTests"/>
</field>
<field type="integer" required="false" name="JUnitFailures" lazy="false" direct="false">
<bind-xml node="element" name="JUnitFailures"/>
</field>
<field type="integer" required="false" name="JUnitErrors" lazy="false" direct="false">
<bind-xml node="element" name="JUnitErrors"/>
</field>
<field type="java.lang.Float" required="false" name="JUnitSuccessRate" lazy="false" direct="false">
<bind-xml node="element" name="JUnitSuccessRate"/>
</field>
<field type="java.lang.Float" required="false" name="JUnitTime" lazy="false" direct="false">
<bind-xml node="element" name="JUnitTime"/>
</field>
<field type="integer" required="false" name="HasJUnit" lazy="false" direct="false">
<bind-xml node="element" name="HasJUnit"/>
</field>

<field type="integer" required="false" name="NUnitTests" lazy="false" direct="false">
<bind-xml node="element" name="NUnitTests"/>
</field>
<field type="integer" required="false" name="NUnitFailures" lazy="false" direct="false">
<bind-xml node="element" name="NUnitFailures"/>
</field>
<field type="integer" required="false" name="NUnitErrors" lazy="false" direct="false">
<bind-xml node="element" name="NUnitErrors"/>
</field>
<field type="java.lang.Float" required="false" name="NUnitSuccessRate" lazy="false" direct="false">
<bind-xml node="element" name="NUnitSuccessRate"/>
</field>
<field type="java.lang.Float" required="false" name="NUnitTime" lazy="false" direct="false">
<bind-xml node="element" name="NUnitTime"/>
</field>
<field type="integer" required="false" name="HasNUnit" lazy="false" direct="false">
<bind-xml node="element" name="HasNUnit"/>
</field>

<field type="integer" required="false" name="HasDoxygen" lazy="false" direct="false">
<bind-xml node="element" name="HasDoxygen"/>
</field>

<field type="integer" required="false" name="CoberturaClassNumber" lazy="false" direct="false">
<bind-xml node="element" name="CoberturaClassNumber"/>
</field>
	
<field type="integer" required="false" name="CoberturaLineDetail" lazy="false" direct="false"> 
<bind-xml node="element" name="CoberturaLineDetail"/>
</field>
<field type="integer" required="false" name="CoberturaBranchDetail" lazy="false" direct="false">
<bind-xml node="element" name="CoberturaBranchDetail"/>
</field>
<field type="java.lang.Float" required="false" name="CoberturaLinePercentage" lazy="false" direct="false">
<bind-xml node="element" name="CoberturaLinePercentage"/>
</field>
<field type="java.lang.Float" required="false" name="CoberturaBranchPercentage" lazy="false" direct="false">
<bind-xml node="element" name="CoberturaBranchPercentage"/>
</field>
<field type="integer" required="false" name="HasCobertura" lazy="false" direct="false">
<bind-xml node="element" name="HasCobertura"/>
</field>

<field type="integer" required="false" name="EmmaClasses" lazy="false" direct="false">
<bind-xml node="element" name="EmmaClasses"/>
</field>
<field type="integer" required="false" name="EmmaTotalClasses" lazy="false" direct="false">
<bind-xml node="element" name="EmmaTotalClasses"/>
</field>
<field type="integer" required="false" name="EmmaMethods" lazy="false" direct="false">
<bind-xml node="element" name="EmmaMethods"/>
</field>
<field type="integer" required="false" name="EmmaTotalMethods" lazy="false" direct="false">
<bind-xml node="element" name="EmmaTotalMethods"/>
</field>
<field type="integer" required="false" name="EmmaBlocks" lazy="false" direct="false">
<bind-xml node="element" name="EmmaBlocks"/>
</field>
<field type="integer" required="false" name="EmmaTotalBlocks" lazy="false" direct="false">
<bind-xml node="element" name="EmmaTotalBlocks"/>
</field>
<field type="integer" required="false" name="EmmaLines" lazy="false" direct="false">
<bind-xml node="element" name="EmmaLines"/>
</field>
<field type="integer" required="false" name="EmmaTotalLines" lazy="false" direct="false">    
<bind-xml node="element" name="EmmaTotalLines"/>
</field>
<field type="integer" required="false" name="HasEmma" lazy="false" direct="false">
<bind-xml node="element" name="HasEmma"/>
</field>

<field type="com.openmake.server.FindBugsResults" required="false" name="findbugsResults" lazy="false" direct="false" collection="array">
<bind-xml node="element" name="findbugsResults"/>
</field>
<field type="integer" required="false" name="HasFindBugs" lazy="false" direct="false">
<bind-xml node="element" name="HasFindBugs"/>
</field>

<field type="com.openmake.server.JapexResults" required="false" name="jpexResults" lazy="false" direct="false" collection="array">
<bind-xml node="element" name="jpexResults"/>
</field>
<field type="integer" required="false" name="HasJapex" lazy="false" direct="false">
<bind-xml node="element" name="HasJapex"/>
</field>

<field type="com.openmake.server.JDependResults" required="false" name="jdependResults" lazy="false" direct="false" collection="array">
<bind-xml node="element" name="jdependResults"/>
</field>
<field type="integer" required="false" name="HasJDepend" lazy="false" direct="false">
<bind-xml node="element" name="HasJDepend"/>
</field>


<field type="com.openmake.server.PMDResults" required="false" name="pmdResults" lazy="false" direct="false" collection="array">
<bind-xml node="element" name="pmdResults"/>
</field>

<field type="integer" required="false" name="HasPMD" lazy="false" direct="false">
<bind-xml node="element" name="HasPMD"/>
</field>

</class>	
</mapping>


