<?xml version="1.0"?>
<BuildType><Version>6.3</Version><OperatingSystem>Java</OperatingSystem><Name>Java Copy</Name><TaskType></TaskType><Description>Copies dependencies to location(s) defined using the &quot;todir=&quot; parameter available in the pre-defined options.  Multiple Option Groups may also be defined for groups of dependencies that need to copy to other &quot;todir=&quot; locations.  The Target created in the build directory is a .copy text file containing log information.</Description><FinalTargetExt>.copy</FinalTargetExt><BuildTasks><Name>Ant Copy</Name><Description>Define all dependencies for this task that need to be copied as part of the build.  You must define the &quot;todir=&quot; parameter to the location you will copy to.</Description><OptionGroups><GroupName>Build Task Options</GroupName><Type>1</Type><Options><Flag>todir=</Flag><Type>91</Type><Parameter>.</Parameter><Description>Define &quot;copy to&quot; location for dependencies</Description></Options><Options><Flag>overwrite=</Flag><Type>91</Type><Parameter>true</Parameter><Description>Define &quot;true or false&quot; if copied files should overwrite</Description></Options></OptionGroups><OptionGroups><GroupName>Custom Copy Group</GroupName><Type>1</Type><Description>Define the &quot;todir=&quot; option and parameter for this group and all of its dependencies will copy to that location, rather than the parent tasks.</Description></OptionGroups></BuildTasks><Rules><ParentBuildTask>Ant Copy</ParentBuildTask><TargetExt>.copy</TargetExt><SourceExts>.txt .log .ear .war .jar .xml .xmi .sh .*</SourceExts><NameFrom>Final Target</NameFrom><CompilerName>Ant Copy Task.sc</CompilerName><Makefile>Java</Makefile><ToDir>Intermediate</ToDir><OptionGroup><GroupName>Rule Options</GroupName><Type>2</Type></OptionGroup></Rules></BuildType>