<?xml version="1.0" encoding="UTF-8"?>
<BuildType><Version>6.3</Version><OperatingSystem>Java</OperatingSystem><Name>Java Jar from Filter</Name><TaskType></TaskType><Description></Description><FinalTargetExt>.jar</FinalTargetExt><BuildTasks><Name>Filter Java Classes By Package</Name><Description>This task will filter java package from being included into the .javac file that is used for creating a jar file. Use the dir= parameter to &quot;Strip off&quot; dependency prefix directories that are not part of the package structure. E.g. Dependency = Project/src/com/foo/*.java Package = foo/*.java dir = Project/src</Description><OptionGroups><GroupName>Build Task Options</GroupName><Type>1</Type><Options><Flag>dir=</Flag><Type>90</Type><Description></Description></Options></OptionGroups></BuildTasks><BuildTasks><Name>Ant Jar</Name><Description>All dependencies added to the Ant Jar Build Task will be included in the final target .jar file.</Description><OptionGroups><GroupName>Build Task Options</GroupName><Type>1</Type><Options><Flag>basedir=</Flag><Type>90</Type><Description>Indicates the directory from which to jar the files. If it is not used, the files will be jarred directly from the build directory.</Description></Options><Options><Flag>compress=</Flag><Type>90</Type><Parameter>true</Parameter><Description>If true, compress the JAR file. Defaults to true.</Description></Options><Options><Flag>manifest=</Flag><Type>90</Type><Description>The name of an existing manifest file to place in the JAR file. If not specified, Ant creates a manifest file indicating the version of Ant used.</Description></Options></OptionGroups><OptionGroups><GroupName>Compiled Classes</GroupName><Type>1</Type><Description>The dependencies added to this Option Group will be placed in the WEB-INF/classes directory in the final target .war file.</Description><Options><Flag>dir=</Flag><Type>90</Type><Description>Indicates the directory where the class files need to be pulled from. If it is not used, the classes will be pulled directly from the build directory.</Description></Options><Options><Flag>prefix=</Flag><Type>90</Type><Parameter></Parameter><Description>Ant attribute used to target a specified directory in the jar file.</Description></Options></OptionGroups></BuildTasks><Rules><ParentBuildTask>Filter Java Classes By Package</ParentBuildTask><TargetExt>.javac</TargetExt><SourceExts>.javac .java</SourceExts><NameFrom>Final Target</NameFrom><CompilerName>Filter Java Classes Task.sc</CompilerName><Makefile>Java</Makefile><ToDir>Intermediate</ToDir><OptionGroup><GroupName>Rule Options</GroupName><Type>2</Type></OptionGroup></Rules><Rules><ParentBuildTask>Ant Jar</ParentBuildTask><TargetExt>.jar</TargetExt><SourceExts>.class .javac .rmic .* .jsp .policy .gif .html .jpg .jpeg .jar .ser .xml .xmi .properties .mf .MF .java .theme .au .DAT .htm .tgtdeps .idl .ini .jor .jup .noext .packages .omidl .tld</SourceExts><NameFrom>Final Target</NameFrom><CompilerName>Ant Jar Task.sc</CompilerName><Makefile>Java</Makefile><ToDir>Final Target</ToDir><OptionGroup><GroupName>Rule Options</GroupName><Type>2</Type></OptionGroup></Rules></BuildType>