<?xml version="1.0"?>
<BuildType><Version>6.3</Version><OperatingSystem>Java</OperatingSystem><Name>Java Weblogic JSPC Compile</Name><TaskType></TaskType><Description>Prepares the compile by setting the Classpath.  The Classpath should include the library containing the JSP compiler, most likely weblogic.jar.  Uses Ant JSP Compile Task to pre-compile JSP dependencies with the weblogic.jspc compiler.</Description><FinalTargetExt>.javac</FinalTargetExt><BuildTasks><Name>Set Classpath</Name><Description>Add dependencies to the Set Classpath Build Task that need to be included in the Classpath prior to compilation including the JSP compiler container.</Description><OptionGroups><GroupName>Build Task Options</GroupName><Type>1</Type></OptionGroups></BuildTasks><BuildTasks><Name>Ant JSP Compile</Name><Description>Add JSP dependencies to the Ant JSP Compile Task that need to be pre-compiled with the weblogic.jspc compiler.</Description><OptionGroups><GroupName>Build Task Options</GroupName><Type>1</Type></OptionGroups></BuildTasks><Rules><ParentBuildTask>Set Classpath</ParentBuildTask><TargetExt>.classpath</TargetExt><SourceExts>.zip .jar .properties</SourceExts><NameFrom>Final Target</NameFrom><CompilerName>Set Classpath.sc</CompilerName><Makefile>Java</Makefile><ToDir>Final Target</ToDir><OptionGroup><GroupName>Rule Options</GroupName><Type>2</Type></OptionGroup></Rules><Rules><ParentBuildTask>Ant JSP Compile</ParentBuildTask><TargetExt>.javac</TargetExt><SourceExts>.java .jar .jsp .class .classpath .wsdljava .copypkg .javac .soap .tld .xml</SourceExts><NameFrom>Final Target</NameFrom><CompilerName>Weblogic JSP Compile Task.sc</CompilerName><Makefile>Java</Makefile><ToDir>Final Target</ToDir><OptionGroup><GroupName>Rule Options</GroupName><Type>2</Type></OptionGroup></Rules></BuildType>