<?xml version="1.0"?>
<BuildType><Version>6.3</Version><OperatingSystem>Java</OperatingSystem><Name>Java Weblogic Clientgen Jar</Name><TaskType></TaskType><Description>Uses the Weblogic clientgen task to create a client JAR file that contains a thin Java client used to invoke a Web Service. Takes an EAR file that contains the implementation of a WebLogic Web Service as a depencency.</Description><FinalTargetExt>.jar</FinalTargetExt><BuildTasks><Name>Set Classpath</Name><Description>Add dependencies to the Set Classpath Build Task that need to be included in the class path prior to compilation.</Description><OptionGroups><GroupName>Build Task Options</GroupName><Type>1</Type></OptionGroups></BuildTasks><BuildTasks><Name>Clientgen</Name><Description>Add EAR file containing implementation of a WebLogic Web Service as a depencency.</Description><OptionGroups><GroupName>Build Task Options</GroupName><Type>1</Type><Options><Flag>autotype=</Flag><Type>90</Type><Description></Description></Options><Options><Flag>generateAsyncMethods=</Flag><Type>90</Type><Description></Description></Options><Options><Flag>generatePublicFields</Flag><Type>90</Type><Description></Description></Options><Options><Flag>j2me</Flag><Type>90</Type><Description></Description></Options><Options><Flag>keepGenerated</Flag><Type>90</Type><Description></Description></Options><Options><Flag>overwrite</Flag><Type>90</Type><Description></Description></Options><Options><Flag>packageName</Flag><Type>91</Type><Description></Description></Options><Options><Flag>saveWSDL</Flag><Type>90</Type><Description></Description></Options><Options><Flag>serviceName</Flag><Type>90</Type><Description></Description></Options><Options><Flag>typeMappingFile</Flag><Type>90</Type><Description></Description></Options><Options><Flag>typePackageBase</Flag><Type>90</Type><Description></Description></Options><Options><Flag>typePackageName</Flag><Type>90</Type><Description></Description></Options><Options><Flag>useLowerCaseMethodNames</Flag><Type>90</Type><Description></Description></Options><Options><Flag>usePortNameAsMethodNam</Flag><Type>90</Type><Description></Description></Options><Options><Flag>useServerTypes</Flag><Type>90</Type><Description></Description></Options><Options><Flag>warName</Flag><Type>90</Type><Description></Description></Options><Options><Flag>wsdl</Flag><Type>90</Type><Description></Description></Options></OptionGroups></BuildTasks><Rules><ParentBuildTask>Set Classpath</ParentBuildTask><TargetExt>.classpath</TargetExt><SourceExts>.zip .jar .properties</SourceExts><NameFrom>Final Target</NameFrom><CompilerName>Set Classpath.sc</CompilerName><Makefile>Java</Makefile><ToDir>Final Target</ToDir><OptionGroup><GroupName>Rule Options</GroupName><Type>2</Type></OptionGroup></Rules><Rules><ParentBuildTask>Clientgen</ParentBuildTask><TargetExt>.jar</TargetExt><SourceExts>.ear .classpath</SourceExts><NameFrom>Final Target</NameFrom><CompilerName>Weblogic Clientgen Task.sc</CompilerName><Makefile>Java</Makefile><ToDir>Final Target</ToDir><OptionGroup><GroupName>Rule Options</GroupName><Type>2</Type></OptionGroup></Rules></BuildType>