<?xml version="1.0"?>
<BuildType><Version>6.3</Version><OperatingSystem>Java</OperatingSystem><Name>Java WebSphere 5.1 EJBDeploy EAR</Name><TaskType></TaskType><Description>Use this build service when developing with IBM WebSphere Studio Application Developer 5.1 to generate deployment code and classes for an EAR.

The dependency is the EAR built by the Openmake Eclipse Plugin-generated target files and the output file is the deployable EAR.

The WAS_HOME environment variable MUST be set, e.g. WAS_HOME=C:\Progra~1\IBM\WSADv5.1

To build a deployable EAR for the MiniBank example, use the following values in the target definition:

Final Target Name: MiniBankEAR.ear
Final Target Output Path: deploy
Dependency: MiniBankEAR.ear
</Description><FinalTargetExt>.ear</FinalTargetExt><BuildTasks><Name>WebSphere EJBDeploy</Name><Description></Description><OptionGroups><GroupName>Build Task Options</GroupName><Type>1</Type></OptionGroups></BuildTasks><Rules><ParentBuildTask>WebSphere EJBDeploy</ParentBuildTask><TargetExt>.ear</TargetExt><SourceExts>.classpath .update .ear</SourceExts><NameFrom>Final Target</NameFrom><CompilerName>WebSphere 5.1 EJBDeploy Task.sc</CompilerName><Makefile>Java</Makefile><ToDir>Final Target</ToDir><OptionGroup><GroupName>Rule Options</GroupName><Type>2</Type></OptionGroup></Rules></BuildType>
