<?xml version="1.0"?>
<BuildType><Version>6.3</Version><OperatingSystem>Java</OperatingSystem><Name>Java Javadoc</Name><TaskType>Master</TaskType><Description>Used to create documentation using the javadoc program.  It generates an index.hml file.  This file's timestamp is compared against Java and Classpath dependencies' timestamps in incremental builds. Because a standard file name &quot;index.hml&quot; is used for all JavaDoc Targets, it is recommended that each Javadoc Target be created in a separate directory, e.g. javadoc1/index.html, javadoc2/index.html, etc.Because of the wide variation in the use of the Javadoc command, customization of the JDK Javadoc Task may be required. There will be no need to modify the Java Javadoc Build Service 

The Target Name should be index.html or &lt;subdirectory>/index.html.  Typical Tasks would be 1. Set Classpath, 2. JavaDoc.</Description><FinalTargetExt>.html</FinalTargetExt><BuildTasks><Name>Set Classpath</Name><Description>Add dependencies to the Set Classpath Build Task that need to be included in the class path prior to compilation.</Description><OptionGroups><GroupName>Build Task Options</GroupName><Type>1</Type></OptionGroups></BuildTasks><BuildTasks><Name>Compile Javadoc</Name><Description>Calls the javadoc program to create java documentation.  This step results in an  index.hml file.</Description><OptionGroups><GroupName>Build Task Options</GroupName><Type>1</Type><Options><Flag>-use</Flag><Type>88</Type><Description></Description></Options><Options><Flag>-splitindex</Flag><Type>88</Type><Description></Description></Options><Options><Flag>-linksource</Flag><Type>88</Type><Description></Description></Options><Options><Flag>-private</Flag><Type>88</Type><Description></Description></Options><Options><Flag>-serialwarn</Flag><Type>88</Type><Description></Description></Options><Options><Flag>-doctitle</Flag><Type>90</Type><Parameter></Parameter><Description></Description></Options><Options><Flag>-header</Flag><Type>90</Type><Description></Description></Options><Options><Flag>-footer</Flag><Type>90</Type><Description></Description></Options><Options><Flag>-locale</Flag><Type>90</Type><Description></Description></Options><Options><Flag>-charset</Flag><Type>90</Type><Description></Description></Options></OptionGroups></BuildTasks><Rules><ParentBuildTask>Set Classpath</ParentBuildTask><TargetExt>.classpath</TargetExt><SourceExts>.zip .jar .properties</SourceExts><NameFrom>Final Target</NameFrom><CompilerName>Set Classpath.sc</CompilerName><Makefile>Java</Makefile><ToDir>Final Target</ToDir><OptionGroup><GroupName>Rule Options</GroupName><Type>2</Type></OptionGroup></Rules><Rules><ParentBuildTask>Compile Javadoc</ParentBuildTask><TargetExt>.html</TargetExt><SourceExts>.class .txt .zip .jar .classpath .java</SourceExts><NameFrom>Final Target</NameFrom><CompilerName>Javadoc.sc</CompilerName><Makefile>Java</Makefile><ToDir>Final Target</ToDir><OptionGroup><GroupName>Rule Options</GroupName><Type>2</Type></OptionGroup></Rules></BuildType>
