<?xml version="1.0"?>
<BuildType><Version>6.3</Version><OperatingSystem>Java</OperatingSystem><Name>Java Compile</Name><TaskType>Master</TaskType><Description>Uses the Ant &quot;javac&quot; task to compile Java source code files. All dependencies added to this Build Task will be compiled using the compiler specified in the &quot;compiler&quot; Option parameter.</Description><FinalTargetExt>.javac</FinalTargetExt><BuildTasks><Name>Set Classpath</Name><Description>Add dependencies to the Set Classpath Build Task that need to be included in the class path prior to compilation.</Description><OptionGroups><GroupName>Build Task Options</GroupName><Type>1</Type></OptionGroups></BuildTasks><BuildTasks><Name>Ant Javac</Name><Description>Uses the Ant &quot;javac&quot; task to compile Java source code files. All dependencies added to this Build Task will be compiled using the compiler specified in the &quot;compiler&quot; Option parameter.

If you want  to place the compiled files in a subdirectory of the build location, use the &quot;destdir&quot; Option parameter.</Description><OptionGroups><GroupName>Build Task Options</GroupName><Type>1</Type><Options><Flag>debug=</Flag><Type>82</Type><Parameter>true</Parameter><Description>If true, compile source with debug information.</Description></Options><Options><Flag>destdir=</Flag><Type>90</Type><Parameter></Parameter><Description>Indicates the directory, relative to the build directory, where the class files should be stored. If it is not used, the class files will be stored in the build directory.</Description></Options><Options><Flag>compiler=</Flag><Type>91</Type><Parameter>modern</Parameter><Description>Valid parameters are: modern, classic, jikes, gcj, sj, javac1.2, javac1.3 and javac1.4</Description></Options></OptionGroups></BuildTasks><Rules><ParentBuildTask>Set Classpath</ParentBuildTask><TargetExt>.classpath</TargetExt><SourceExts>.zip .jar .properties</SourceExts><NameFrom>Final Target</NameFrom><CompilerName>Set Classpath.sc</CompilerName><Makefile>Java</Makefile><ToDir>Final Target</ToDir><OptionGroup><GroupName>Rule Options</GroupName><Type>2</Type></OptionGroup></Rules><Rules><ParentBuildTask>Ant Javac</ParentBuildTask><TargetExt>.javac</TargetExt><SourceExts>.java .jar .class .classpath .wsdljava .copypkg .javac .soap</SourceExts><NameFrom>Final Target</NameFrom><CompilerName>Ant Javac Task.sc</CompilerName><Makefile>Java</Makefile><ToDir>Intermediate</ToDir><OptionGroup><GroupName>Rule Options</GroupName><Type>2</Type></OptionGroup></Rules></BuildType>