<?xml version="1.0" encoding="UTF-8"?>
<BuildType><Version>6.3</Version><OperatingSystem>Java</OperatingSystem><Name>Java Ant Build</Name><Description></Description><FinalTargetExt>.antbuild</FinalTargetExt><BuildTasks><Name>Ant XML Build</Name><OptionGroups><GroupName>Build Task Options</GroupName><Type>1</Type></OptionGroups></BuildTasks><Rules><ParentBuildTask>Ant XML Build</ParentBuildTask><TargetExt>.antbuild</TargetExt><SourceExts>.antbuild .xml .jar .war .ear</SourceExts><NameFrom>Final Target</NameFrom><CompilerName>Ant XML Build.sc</CompilerName><Makefile>Java</Makefile><ToDir>Final Target</ToDir><OptionGroup><GroupName>Rule Options</GroupName><Type>2</Type></OptionGroup></Rules></BuildType>