<?xml version="1.0"?>
<BuildType><Version>6.3</Version><OperatingSystem>Java</OperatingSystem><Name>Java JNI</Name><TaskType>Master</TaskType><Description>Converts a class file into a header file (.h) for the Java to Native interface.  The dependency is the .class file.</Description><FinalTargetExt>.h</FinalTargetExt><BuildTasks><Name>Set Classpath</Name><Description>Add dependencies to the Set Classpath Build Task that need to be included in the class path prior to compilation.</Description><OptionGroups><GroupName>Build Task Options</GroupName><Type>1</Type></OptionGroups></BuildTasks><BuildTasks><Name>Ant Javah</Name><Description>Uses the Ant &quot;javah&quot; task to convert class files to C header files and stub files.</Description><OptionGroups><GroupName>Build Task Options</GroupName><Type>1</Type><Options><Flag>basedir=</Flag><Type>88</Type><Parameter></Parameter><Description>location of class files</Description></Options><Options><Flag>destdir=</Flag><Type>90</Type><Description>sets the directory where javah saves the header files or the stub files.</Description></Options><Options><Flag>old=</Flag><Type>90</Type><Description>specifies that old JDK 1.0-style header files should be generated (otherwise output file contains JNI-style native method function prototypes) (JDK 1.2 only)</Description></Options><Options><Flag>force=</Flag><Type>90</Type><Description>specifies that output files should always be written (JDK 1.2 only)</Description></Options><Options><Flag>verbose=</Flag><Type>90</Type><Description></Description></Options></OptionGroups></BuildTasks><Rules><ParentBuildTask>Set Classpath</ParentBuildTask><TargetExt>.classpath</TargetExt><SourceExts>.zip .jar .properties</SourceExts><NameFrom>Final Target</NameFrom><CompilerName>Set Classpath.sc</CompilerName><Makefile>Java</Makefile><ToDir>Final Target</ToDir><OptionGroup><GroupName>Rule Options</GroupName><Type>2</Type></OptionGroup></Rules><Rules><ParentBuildTask>Ant Javah</ParentBuildTask><TargetExt>.h</TargetExt><SourceExts>.class .classpath</SourceExts><NameFrom>Final Target</NameFrom><CompilerName>Ant Javah Task.sc</CompilerName><Makefile>Java</Makefile><ToDir>Final Target</ToDir><OptionGroup><GroupName>Rule Options</GroupName><Type>2</Type></OptionGroup></Rules></BuildType>