<?xml version="1.0" encoding="UTF-8"?>
<BuildType><Version>6.3</Version><OperatingSystem>Java</OperatingSystem><Name>Java Ant Javadoc</Name><TaskType></TaskType><Description>Used to create documentation using the Ant Javadoc task.  It generates an index.hml file.  This file's timestamp is compared against Java and Classpath dependencies' timestamps in incremental builds. Because a standard file name &quot;index.hml&quot; is used for all JavaDoc Targets, it is recommended that each Javadoc Target be created in a separate directory, e.g. javadoc1/index.html, javadoc2/index.html, etc.</Description><FinalTargetExt>.html</FinalTargetExt><BuildTasks><Name>Set Classpath</Name><Description>Add dependencies to the Set Classpath Build Task that need to be included in the class path prior to compilation.</Description><OptionGroups><GroupName>Build Task Options</GroupName><Type>1</Type></OptionGroups></BuildTasks><BuildTasks><Name>Ant Javadoc</Name><Description>Added .java or .class dependencies to the Ant Javadoc task will automatically be placed within a nested fileset in the generated build.xml file. Additional nested elements must be added in their entirety (including the tag markers) as options to the task or dependency. These will be automatically added to the Javadoc task.</Description><OptionGroups><GroupName>Build Task Options</GroupName><Type>1</Type><Options><Flag>useexternalfile = &quot;yes&quot;</Flag><Type>89</Type><Description></Description></Options></OptionGroups></BuildTasks><Rules><ParentBuildTask>Set Classpath</ParentBuildTask><TargetExt>.classpath</TargetExt><SourceExts>.zip .jar .properties</SourceExts><NameFrom>Final Target</NameFrom><CompilerName>Set Classpath.sc</CompilerName><Makefile>Java</Makefile><ToDir>Final Target</ToDir><OptionGroup><GroupName>Rule Options</GroupName><Type>2</Type></OptionGroup></Rules><Rules><ParentBuildTask>Ant Javadoc</ParentBuildTask><TargetExt>.html</TargetExt><SourceExts>.java .class .classpath .javac</SourceExts><NameFrom>Final Target</NameFrom><CompilerName>Ant Javadoc.sc</CompilerName><Makefile>Java</Makefile><ToDir>Final Target</ToDir><OptionGroup><GroupName>Rule Options</GroupName><Type>2</Type></OptionGroup></Rules></BuildType>