<?xml version="1.0"?>
<BuildType><Version>6.3</Version><OperatingSystem>Java</OperatingSystem><Name>Java WBIMB BAR File</Name><TaskType></TaskType><Description></Description><FinalTargetExt>.bar</FinalTargetExt><BuildTasks><Name>mqsicreatebar</Name><Description></Description><OptionGroups><GroupName>Build Task Options</GroupName><Type>1</Type></OptionGroups></BuildTasks><Rules><ParentBuildTask>mqsicreatebar</ParentBuildTask><TargetExt>.bar</TargetExt><SourceExts>.msgflow .mset .esql .dictionary .project .xml .xsd</SourceExts><NameFrom>Final Target</NameFrom><CompilerName>IBM mqsicreatebar Compiler.sc</CompilerName><Makefile>Java</Makefile><ToDir>Final Target</ToDir><OptionGroup><GroupName>Rule Options</GroupName><Type>2</Type></OptionGroup></Rules></BuildType>