<?xml version="1.0"?>
<BuildType><Version>6.3</Version><OperatingSystem>Java</OperatingSystem><Name>JBoss Service Archive</Name><TaskType></TaskType><Description></Description><FinalTargetExt>.sar</FinalTargetExt><BuildTasks><Name>Ant Jar</Name><Description>All dependencies added to the Ant Jar Build Task will be included in the final target .jar file.

If these dependencies are derived from a subdirectory (e.g. an IDE project directory), you should set the basedir Option Parameter to that subdirectory.

Ant uses the manifest Option to determine the file that will be the manifest.mf file. This file is renamed to &quot;manifest.mf&quot; within the .jar file.</Description><OptionGroups><GroupName>Build Task Options</GroupName><Type>1</Type><Options><Flag>basedir=</Flag><Type>90</Type><Description>Indicates the directory from which to jar the files. If it is not used, the files will be jarred directly from the build directory.</Description></Options><Options><Flag>compress=</Flag><Type>90</Type><Parameter>true</Parameter><Description>If true, compress the JAR file. Defaults to true.</Description></Options><Options><Flag>manifest=</Flag><Type>90</Type><Description>The name of an existing manifest file to place in the JAR file. If not specified, Ant creates a manifest file indicating the version of Ant used.</Description></Options></OptionGroups><OptionGroups><GroupName>Meta-Inf</GroupName><Type>1</Type><Description>The dependencies added to this Option Group will be placed in the META-INF directory in the final target .war file.

If these dependencies are derived from a subdirectory (e.g. an IDE project directory), you should set the dir Option Parameter to that subdirectory.</Description><Options><Flag>dir=</Flag><Type>90</Type><Description>Indicates the directory where the dependencies need to be pulled from. If it is not used, the dependencies will be pulled directly from the build directory.</Description></Options><Options><Flag>prefix=</Flag><Type>95</Type><Parameter>META-INF</Parameter><Description>Ant attribute used to push target the WEB-INF directory in the .war file.</Description></Options></OptionGroups></BuildTasks><Rules><ParentBuildTask>Ant Jar</ParentBuildTask><TargetExt>.sar</TargetExt><SourceExts>.jar .MF .mf .xml .javac .afm .ali .app .appxml .ascii .asp .aspx .au .bak .BAK .bat .bmp .cab .ccp .cfc .cfg .cfm .cgi .chgpkg .class .conf .Connection .css .csv .dat .DAT .dbxmi .db .doc .dot .ds .dtd .eob .est .eml .exe .fdf .ff .file .ftl .gif .glyphs .htc .htm .html .ibm .ico .idl .idx .iiop .inc .ini .isd .ixf .java .java: .javadoc .jor .jpg .jpeg .js .jsp .jup .ksh .ldif .log .Log .LogFactory .manifest .manifest= .mapxmi .mdx .mif .modulemaps .msg .mie .noext .packages .pdf .pfa .pfb .pfc .php .pl .png .policy .prn .prod .props .properties .psf .rmic .schema .schxmi .ser .sh .SH .skn .soap .sql .sup .svg .tblxmi .tex .theme .tif .tld .tmp .tmpl .ttf .txt .TXT .unk .update .vbs .vcm_meta .wdx .webxml .wpd .wsdl .xls .xlt .xmi .xsd .xsl .zip .zms .*</SourceExts><NameFrom>Final Target</NameFrom><CompilerName>Ant Jar Task.sc</CompilerName><Makefile>Java</Makefile><ToDir>Final Target</ToDir><OptionGroup><GroupName>Rule Options</GroupName><Type>2</Type></OptionGroup></Rules></BuildType>
