<?xml version="1.0"?>
<BuildType><Version>6.3</Version><OperatingSystem>Java</OperatingSystem><Name>Manage Ear Deployment Descriptors</Name><TaskType></TaskType><Description>Insert and replace XML tags and values in deployment descriptors of an archive. It unjars the files to be updated from the archive, next it will insert and replace the XML tags and values and finally create a new jar with the updated files to the Target name.  </Description><FinalTargetExt>.ear</FinalTargetExt><BuildTasks><Name>XML Update</Name><Description>XML Update Task will insert and replace XML nodes and values based upon XPath tag location.  XML Update Task has 2 option groups, XML Replace and XML Insert.  The XML Insert is performed before the XML Replace.  XML Insert uses a .xml file containing the nodes to be added as a dependency.  XML Replace uses a .template, .xml or .xmi file as the source XML file in which to act upon.  The XML Update will derive the destination file based upon the dependency name if the &quot;dest&quot; attribute is not specified.</Description><OptionGroups><GroupName>Build Task Options</GroupName><Type>1</Type></OptionGroups><OptionGroups><GroupName>XML Set Attribute</GroupName><Type>1</Type><Description>The XML Set Attribute option group lets you set or redefine the value of an attribute in an XML element. The &quot;XML Set Attribute&quot; is performed after the &quot;XML Insert&quot; and  &quot;XML Replace&quot; functions.  Dependencies listed under XML Attr will be used as a template operated on by the &quot;attr&quot; element of the Ant XMLTask. Dependencies placed in this option group should be of an XML format.

Example of use with WebSphere entitiy beans EJB jar project - 

Target name: stage/imgmt.ear
&quot;XML Update&quot; task dependency: imgmt.ear
&quot;XML Set Attribute&quot; option group dependency:
imgmtEJB/ejbmodule/META-INF/ibm-ext-bnd.xmi

The EAR file containing the EJB jar file should be listed as a dependency directly under the &quot;XML Update&quot; task and not placed in an option group.

EAR file custom parameter:
archive=&quot;imgmtEJB.jar&quot;

XMI file Parameters:
path=&quot;ejbBnd:EJBJarBinding&quot;
attr=&quot;currentBackendID&quot;
value=&quot;DB2UDBOS390_STAGE&quot;

This operation will:
1. Unjar the EJB JAR file from the EAR
2. Unjar the XMI file from the EJB JAR
3. Apply the attr function of the XMLTask Ant Task to the template XMI file
4. Update the EJB JAR with themodified template XMI file.
5. Update the EAR with the modified EJB JAR file.</Description></OptionGroups><OptionGroups><GroupName>XML Insert</GroupName><Type>1</Type><Description>The XML Insert is performed before the XML Replace.  XML Insert uses a .xml file containing the nodes to be added as a dependency.  The XML Insert will derive the destination file based upon the dependency name if the &quot;dest&quot; attribute is not specified.

Example - 

Dependency:
WEB-INF/demo-servlet.xml

Parameter:
path=&quot;/application/servlet[last()]&quot;
dest=&quot;WEB-INF/web.xml&quot;

this will insert the contents of the WEB-INF/demo-servlet.xml file into the WEB-INF/web.xml  after the last servlet tag.</Description></OptionGroups><OptionGroups><GroupName>XML Replace</GroupName><Type>1</Type><Description>XML Replace uses a .template, .xml or .xmi file as the source XML file in which to act upon. The XML Replace will derive the destination file based upon the dependency name if the &quot;dest&quot; attribute is not specified.

Example - 

Dependency:
WEB-INF/web.xml.template

Parameter:
path=&quot;/application/servlet-desc/text()&quot; withText=&quot;sample&quot;
dest=&quot;WEB-INF/web.xml&quot;

this will update the servlet-desc value with &quot;sample&quot;  in in the WEB-INF/web.xml.template saving the results into WEB-INF/web.xml.</Description></OptionGroups></BuildTasks><Rules><ParentBuildTask>XML Update</ParentBuildTask><TargetExt>.ear</TargetExt><SourceExts>.template .ear .xml .xmi</SourceExts><NameFrom>Final Target</NameFrom><CompilerName>Ant Update Deploy Task.sc</CompilerName><Makefile>Java</Makefile><ToDir>Final Target</ToDir><OptionGroup><GroupName>Rule Options</GroupName><Type>2</Type><Options><Flag>dest=</Flag><Type>154</Type><Description>destination file name in the archive for the updated template.  If not specified the destination filename will be derived from the dependency name minus the .template extension.</Description></Options></OptionGroup></Rules></BuildType>
