<?xml version="1.0" encoding="UTF-8"?>
<BuildType><Version>6.3</Version><OperatingSystem>Java</OperatingSystem><Name>Signed Idooxoap Web Services Jar</Name><TaskType></TaskType><Description></Description><FinalTargetExt>.jar</FinalTargetExt><BuildTasks><Name>Set Classpath</Name><Description>Add dependencies to the Set Classpath Build Task that need to be included in the class path prior to compilation.</Description><OptionGroups><GroupName>Build Task Options</GroupName><Type>1</Type></OptionGroups></BuildTasks><BuildTasks><Name>Set WSDL Classpath</Name><OptionGroups><GroupName>Build Task Options</GroupName><Type>1</Type></OptionGroups></BuildTasks><BuildTasks><Name>Idooxoap WSDL Compile</Name><Description></Description><OptionGroups><GroupName>Build Task Options</GroupName><Type>1</Type></OptionGroups></BuildTasks><BuildTasks><Name>Copy Package</Name><Description></Description><OptionGroups><GroupName>Build Task Options</GroupName><Type>1</Type></OptionGroups></BuildTasks><BuildTasks><Name>Ant Javac</Name><Description>Uses the Ant &quot;javac&quot; task to compile Java source code files. All dependencies added to this Build Task will be compiled using the compiler specified in the &quot;compiler&quot; Option parameter.</Description><OptionGroups><GroupName>Build Task Options</GroupName><Type>1</Type><Options><Flag>compiler=</Flag><Type>91</Type><Parameter>modern</Parameter><Description>Valid parameters are: modern, classic, jikes, gcj, sj, javac1.2, javac1.3 and javac1.4</Description></Options><Options><Flag>debug=</Flag><Type>82</Type><Parameter>true</Parameter><Description>If true, compile source with debug information.</Description></Options><Options><Flag>destdir=</Flag><Type>90</Type><Parameter></Parameter><Description>Indicates the directory, relative to the build directory, where the class files should be stored. If it is not used, the class files will be stored in the build directory.</Description></Options></OptionGroups></BuildTasks><BuildTasks><Name>Netscape Signtool</Name><Description>Use the Netscape signtool to sign the jar file for use via an Applet.</Description><OptionGroups><GroupName>Build Task Options</GroupName><Type>1</Type></OptionGroups></BuildTasks><Rules><ParentBuildTask>Set Classpath</ParentBuildTask><TargetExt>.classpath</TargetExt><SourceExts>.zip .jar .properties</SourceExts><NameFrom>Final Target</NameFrom><CompilerName>Set Classpath.sc</CompilerName><Makefile>Java</Makefile><ToDir>Final Target</ToDir><OptionGroup><GroupName>Rule Options</GroupName><Type>2</Type></OptionGroup></Rules><Rules><ParentBuildTask>Set WSDL Classpath</ParentBuildTask><TargetExt>.resclasspath</TargetExt><SourceExts>.zip .jar .properties</SourceExts><NameFrom>Final Target</NameFrom><CompilerName>Set Classpath.sc</CompilerName><Makefile>Java</Makefile><ToDir>Intermediate</ToDir><OptionGroup><GroupName>Rule Options</GroupName><Type>2</Type></OptionGroup></Rules><Rules><ParentBuildTask>Idooxoap WSDL Compile</ParentBuildTask><TargetExt>.wsdljava</TargetExt><SourceExts>.resclasspath .wsdl</SourceExts><NameFrom>Final Target</NameFrom><CompilerName>Soap Service Compiler.sc</CompilerName><Makefile>Java</Makefile><ToDir>Intermediate</ToDir><OptionGroup><GroupName>Rule Options</GroupName><Type>2</Type></OptionGroup></Rules><Rules><ParentBuildTask>Copy Package</ParentBuildTask><TargetExt>.copypkg</TargetExt><SourceExts>.wsdljava .java</SourceExts><NameFrom>Final Target</NameFrom><CompilerName>Change Java Package.sc</CompilerName><Makefile>Java</Makefile><ToDir>Intermediate</ToDir><OptionGroup><GroupName>Rule Options</GroupName><Type>2</Type></OptionGroup></Rules><Rules><ParentBuildTask>Ant Javac</ParentBuildTask><TargetExt>.javac</TargetExt><SourceExts>.java .jar .class .classpath .wsdljava .copypkg .javac .soap .properties</SourceExts><NameFrom>Final Target</NameFrom><CompilerName>Ant Javac Task.sc</CompilerName><Makefile>Java</Makefile><ToDir>Intermediate</ToDir><OptionGroup><GroupName>Rule Options</GroupName><Type>2</Type></OptionGroup></Rules><Rules><ParentBuildTask>Netscape Signtool</ParentBuildTask><TargetExt>.jar</TargetExt><SourceExts>.au .DAT .gif .htm .tgtdeps .html .idl .ini .jar .java .jor .jpeg .jpg .jup .mf .noext .packages .policy .properties .props .rmi .zip .class .ttf .javac .javadoc .chgpkg .soap</SourceExts><NameFrom>Final Target</NameFrom><CompilerName>Ant Jar Task.sc</CompilerName><Makefile>Java</Makefile><ToDir>Final Target</ToDir><OptionGroup><GroupName>Rule Options</GroupName><Type>2</Type></OptionGroup></Rules></BuildType>