<?xml version="1.0"?>
<BuildType><Version>6.3</Version><OperatingSystem>AIX</OperatingSystem><Name>Aion Generated Library</Name><TaskType></TaskType><Description></Description><FinalTargetExt>.dll</FinalTargetExt><BuildTasks><Name>Respawn</Name><Description></Description><OptionGroups><GroupName>Build Task Options</GroupName><Type>1</Type></OptionGroups></BuildTasks><Rules><ParentBuildTask>Respawn</ParentBuildTask><TargetExt>.dll</TargetExt><SourceExts>.app .dll</SourceExts><NameFrom>Final Target</NameFrom><CompilerName>Aion 10.0 Respawn.sc</CompilerName><Makefile>HP-UX</Makefile><ToDir>Final Target</ToDir><OptionGroup><GroupName>Rule Options</GroupName><Type>2</Type></OptionGroup></Rules></BuildType>
