<?xml version="1.0"?>
<BuildType><Version>6.3</Version><OperatingSystem>AIX</OperatingSystem><Name>Available Tasks</Name><TaskType></TaskType><Description>The Build Tasks listed here can be used by importing them.  Make sure the dependency extensions of the rules match up with the target extensions of the imported Build Task.</Description><FinalTargetExt>.c</FinalTargetExt><BuildTasks><Name>Lex and Flex C File</Name><Description>Used to generate a C source file from a lex source file.

The flex parser can be called instead of the default 'lex' by passing 'flex' as an option or using the Flex Option Group.

The Build Task can be imported into any other standard build service that compiles code with a .c extension.</Description><OptionGroups><GroupName>Build Task Options</GroupName><Type>1</Type></OptionGroups><OptionGroups><GroupName>Lex</GroupName><Type>1</Type><Description>The Lex option group contains options to use for the lex compiler</Description></OptionGroups><OptionGroups><GroupName>Flex</GroupName><Type>1</Type><Description>The Flex option group contains options to use for the flex compiler</Description><Options><Flag>flex</Flag><Type>89</Type><Description></Description></Options></OptionGroups></BuildTasks><BuildTasks><Name>Lex C Header File</Name><Description>Used to generate a C source header file from a lex source file.

The flex parser can be called instead of the default 'lex' by passing 'flex' as an option or using the Flex Option Group.

The Build Task can be imported into any other standard build service that compiles code using a rule that has both .c and .h dependency extensions.</Description><OptionGroups><GroupName>Build Task Options</GroupName><Type>1</Type></OptionGroups><OptionGroups><GroupName>Lex</GroupName><Type>1</Type><Description>The Lex option group contains options to use for the lex compiler</Description></OptionGroups><OptionGroups><GroupName>Flex</GroupName><Type>1</Type><Description>The Flex option group contains options to use for the flex compiler</Description><Options><Flag>flex</Flag><Type>89</Type><Description></Description></Options></OptionGroups></BuildTasks><BuildTasks><Name>Yacc C Header File</Name><Description>This Build Task generate a C source header file from a yacc source file.

The Build Task can be imported into any other standard build service that compiles code using a rule that has both .c and .h dependency extensions.</Description><OptionGroups><GroupName>Build Task Options</GroupName><Type>1</Type></OptionGroups></BuildTasks><BuildTasks><Name>Yacc C File</Name><Description>This Build Task generate a C source file from a yacc source file.

The Build Task can be imported into any other standard build service that compiles code with a .c extension.</Description><OptionGroups><GroupName>Build Task Options</GroupName><Type>1</Type></OptionGroups></BuildTasks><Rules><ParentBuildTask>Lex and Flex C File</ParentBuildTask><TargetExt>.c</TargetExt><SourceExts>.l</SourceExts><NameFrom>.l</NameFrom><CompilerName>Lex.sc</CompilerName><Makefile>Solaris</Makefile><ToDir>Intermediate</ToDir><OptionGroup><GroupName>Rule Options</GroupName><Type>2</Type></OptionGroup></Rules><Rules><ParentBuildTask>Lex C Header File</ParentBuildTask><TargetExt>.h</TargetExt><SourceExts>.l</SourceExts><NameFrom>.l</NameFrom><CompilerName>Lex.sc</CompilerName><Makefile>Solaris</Makefile><ToDir>Intermediate</ToDir><OptionGroup><GroupName>Rule Options</GroupName><Type>2</Type></OptionGroup></Rules><Rules><ParentBuildTask>Yacc C Header File</ParentBuildTask><TargetExt>.h</TargetExt><SourceExts>.y</SourceExts><NameFrom>.y</NameFrom><CompilerName>Yacc Header Generate.sc</CompilerName><Makefile>Solaris</Makefile><ToDir>Intermediate</ToDir><OptionGroup><GroupName>Rule Options</GroupName><Type>2</Type></OptionGroup></Rules><Rules><ParentBuildTask>Yacc C File</ParentBuildTask><TargetExt>.c</TargetExt><SourceExts>.y</SourceExts><NameFrom>.y</NameFrom><CompilerName>Yacc.sc</CompilerName><Makefile>Solaris</Makefile><ToDir>Intermediate</ToDir><OptionGroup><GroupName>Rule Options</GroupName><Type>2</Type></OptionGroup></Rules></BuildType>
