<?xml version="1.0" encoding="UTF-8"?>
<BuildType><Version>6.3</Version><OperatingSystem>AIX</OperatingSystem><Name>COBOL Native Runtime</Name><TaskType></TaskType><Description>This creates MicroFocus COBOL generated native code (GNT) files from COBOL files. The target extension is '.gnt' and the source files are either .cbl or .cob.

The key flag is the '-u' flag which tells the compiler to create a GNT file instead of a native operating system object file.</Description><FinalTargetExt>.gnt</FinalTargetExt><BuildTasks><Name>Compile</Name><Description></Description><OptionGroups><GroupName>Build Task Options</GroupName><Type>1</Type></OptionGroups></BuildTasks><Rules><ParentBuildTask>Compile</ParentBuildTask><TargetExt>.gnt</TargetExt><SourceExts>.cbl .cob</SourceExts><NameFrom>Final Target</NameFrom><CompilerName>Microfocus Cobol Compiler.sc</CompilerName><Makefile>AIX</Makefile><ToDir>Final Target</ToDir><OptionGroup><GroupName>Rule Options</GroupName><Type>2</Type><Options><Flag>-uOPC</Flag><Type>155</Type><Parameter>&quot;DB2(DB==$(DBSERVER) UDB-VERSION==V8 FORMAT==LOC)&quot;</Parameter><Description></Description></Options></OptionGroup></Rules></BuildType>
