<?xml version="1.0"?>
<BuildType><Version>6.3</Version><OperatingSystem>AIX</OperatingSystem><Name>DB2 Executable</Name><Description>Creates a standard executable by using DB2 Prep to pre-compile the .SQC file.  Uses cc to compile the C programs.  Uses xlc for linking.</Description><FinalTargetExt>.noext</FinalTargetExt><BuildTasks><Name>Pre-Compile</Name><Description>C files are generated using the rpcgen or IBM sqlc compiler.  The generated source files are compiled by the Compile Build Task.</Description><OptionGroups><GroupName>Build Task Options</GroupName><Type>1</Type></OptionGroups></BuildTasks><BuildTasks><Name>Compile</Name><Description>The cc program is used to compile the source code into objects.</Description><OptionGroups><GroupName>Build Task Options</GroupName><Type>1</Type></OptionGroups></BuildTasks><BuildTasks><Name>Link</Name><Description>cc is used to link object files compiled in the Compile Build Task.</Description><OptionGroups><GroupName>Build Task Options</GroupName><Type>1</Type></OptionGroups></BuildTasks><Rules><ParentBuildTask>Pre-Compile</ParentBuildTask><TargetExt>.c</TargetExt><SourceExts>.x</SourceExts><NameFrom>.x</NameFrom><CompilerName>Rpcgen Compiler.sc</CompilerName><Makefile>AIX</Makefile><ToDir>Intermediate</ToDir><OptionGroup><GroupName>Rule Options</GroupName><Type>2</Type><Options><Flag>$(BLD_OPTIONS_A)</Flag><Type>25</Type></Options></OptionGroup></Rules><Rules><ParentBuildTask>Pre-Compile</ParentBuildTask><TargetExt>.h</TargetExt><SourceExts>.x</SourceExts><NameFrom>.x</NameFrom><CompilerName>Rpcgen Compiler.sc</CompilerName><Makefile>AIX</Makefile><ToDir>Intermediate</ToDir><OptionGroup><GroupName>Rule Options</GroupName><Type>2</Type><Options><Flag>$(BLD_OPTIONS_A)</Flag><Type>25</Type></Options></OptionGroup></Rules><Rules><ParentBuildTask>Pre-Compile</ParentBuildTask><TargetExt>.c</TargetExt><SourceExts>.sqc</SourceExts><NameFrom>.sqc</NameFrom><CompilerName>DB2 Precompile Bind.sc</CompilerName><Makefile>AIX</Makefile><ToDir>Intermediate</ToDir><OptionGroup><GroupName>Rule Options</GroupName><Type>2</Type><Options><Flag>$(BLD_OPTIONS_B)</Flag><Type>25</Type></Options></OptionGroup></Rules><Rules><ParentBuildTask>Compile</ParentBuildTask><TargetExt>.o</TargetExt><SourceExts>.c .h</SourceExts><NameFrom>.c</NameFrom><CompilerName>AIX C and Cpp Compiler.sc</CompilerName><Makefile>AIX</Makefile><ToDir>Intermediate</ToDir><OptionGroup><GroupName>Rule Options</GroupName><Type>2</Type><Options><Flag>xlc</Flag><Type>25</Type></Options><Options><Flag>-qcpluscmt</Flag><Type>25</Type></Options><Options><Flag>-qidirfirst</Flag><Type>25</Type></Options><Options><Flag>$(BLD_OPTIONS_A)</Flag><Type>25</Type></Options><Options><Flag>-g</Flag><Type>17</Type></Options></OptionGroup></Rules><Rules><ParentBuildTask>Link</ParentBuildTask><TargetExt>.noext</TargetExt><SourceExts>.a .o .so</SourceExts><NameFrom>Final Target</NameFrom><CompilerName>AIX C and Cpp Linker.sc</CompilerName><Makefile>AIX</Makefile><ToDir>Final Target</ToDir><OptionGroup><GroupName>Rule Options</GroupName><Type>2</Type><Options><Flag>xlc</Flag><Type>25</Type></Options><Options><Flag>-bnoipath</Flag><Type>25</Type></Options><Options><Flag>-qidirfirst</Flag><Type>25</Type></Options><Options><Flag>$(BLD_OPTIONS_C)</Flag><Type>25</Type></Options></OptionGroup></Rules></BuildType>