<?xml version="1.0"?>
<BuildType><Version>6.3</Version><OperatingSystem>AIX</OperatingSystem><Name>GNU LD Shared Library</Name><TaskType></TaskType><Description>Creates a standard shared library using the gcc or g++ programs to compile C and C++ code and then using the AIX ld program to link the objects into a dynamic library.</Description><FinalTargetExt>.a</FinalTargetExt><BuildTasks><Name>Compile</Name><Description>The gcc program is used to compile C and C++ code into objects.  Unlike other operating systems, there is no PIC (position independent code) on AIX, therefore there is no -fPIC flag for the compile operations.</Description><OptionGroups><GroupName>Build Task Options</GroupName><Type>1</Type></OptionGroups></BuildTasks><BuildTasks><Name>Link</Name><Description>The AIX ld program is used to create the shared library from objects created in the Compile Build Task.  The final target extension is '.a'.</Description><OptionGroups><GroupName>Build Task Options</GroupName><Type>1</Type></OptionGroups></BuildTasks><Rules><ParentBuildTask>Compile</ParentBuildTask><TargetExt>.o</TargetExt><SourceExts>.c .h</SourceExts><NameFrom>.c</NameFrom><CompilerName>GNU gcc Compiler.sc</CompilerName><Makefile>AIX</Makefile><ToDir>Intermediate</ToDir><OptionGroup><GroupName>Rule Options</GroupName><Type>2</Type><Options><Flag>-g</Flag><Type>17</Type></Options><Options><Flag>gcc</Flag><Type>25</Type></Options><Options><Flag>$(BLD_OPTIONS_A)</Flag><Type>25</Type></Options></OptionGroup></Rules><Rules><ParentBuildTask>Compile</ParentBuildTask><TargetExt>.o</TargetExt><SourceExts>.cpp .h</SourceExts><NameFrom>.cpp</NameFrom><CompilerName>GNU gcc Compiler.sc</CompilerName><Makefile>AIX</Makefile><ToDir>Intermediate</ToDir><OptionGroup><GroupName>Rule Options</GroupName><Type>2</Type><Options><Flag>-g</Flag><Type>17</Type></Options><Options><Flag>g++</Flag><Type>25</Type></Options><Options><Flag>$(BLD_OPTIONS_A)</Flag><Type>25</Type></Options></OptionGroup></Rules><Rules><ParentBuildTask>Compile</ParentBuildTask><TargetExt>.o</TargetExt><SourceExts>.cxx .h</SourceExts><NameFrom>.cxx</NameFrom><CompilerName>GNU gcc Compiler.sc</CompilerName><Makefile>AIX</Makefile><ToDir>Intermediate</ToDir><OptionGroup><GroupName>Rule Options</GroupName><Type>2</Type><Options><Flag>-g</Flag><Type>17</Type></Options><Options><Flag>g++</Flag><Type>25</Type></Options><Options><Flag>$(BLD_OPTIONS_A)</Flag><Type>25</Type></Options></OptionGroup></Rules><Rules><ParentBuildTask>Link</ParentBuildTask><TargetExt>.a</TargetExt><SourceExts>.a .o .imp .exp</SourceExts><NameFrom>Final Target</NameFrom><CompilerName>AIX C and Cpp Linker.sc</CompilerName><Makefile>AIX</Makefile><ToDir>Final Target</ToDir><OptionGroup><GroupName>Rule Options</GroupName><Type>2</Type><Options><Flag>ld</Flag><Type>25</Type></Options><Options><Flag>$(BLD_OPTIONS_C)</Flag><Type>25</Type></Options><Options><Flag>-T512</Flag><Type>153</Type><Description></Description></Options><Options><Flag>-H512</Flag><Type>153</Type><Description></Description></Options><Options><Flag>-bpT:0x00000000</Flag><Type>153</Type><Description></Description></Options><Options><Flag>-bnoentry</Flag><Type>153</Type><Description></Description></Options><Options><Flag>-bnoipath</Flag><Type>153</Type><Description></Description></Options><Options><Flag>-bM:SRE</Flag><Type>153</Type><Description></Description></Options><Options><Flag>-lc_r</Flag><Type>153</Type><Description></Description></Options><Options><Flag>-lC_r</Flag><Type>153</Type><Description></Description></Options><Options><Flag>/lib/crt0_r.o</Flag><Type>153</Type><Description></Description></Options></OptionGroup></Rules></BuildType>
