<?xml version="1.0"?>
<BuildType><Version>6.3</Version><OperatingSystem>AIX</OperatingSystem><Name>Merant CB</Name><TaskType></TaskType><Description>Will execute the Configuration Builder script listed as a dependency in the Target file.</Description><FinalTargetExt>.noext</FinalTargetExt><BuildTasks><Name>Execute CB</Name><Description>This Build Task executes a Configuration Builder script.</Description><OptionGroups><GroupName>Build Task Options</GroupName><Type>1</Type></OptionGroups></BuildTasks><Rules><ParentBuildTask>Execute CB</ParentBuildTask><TargetExt>.noext</TargetExt><SourceExts>.bld .mak .noext</SourceExts><NameFrom>Final Target</NameFrom><CompilerName>Merant CB.sc</CompilerName><Makefile>AIX</Makefile><ToDir>Intermediate</ToDir><OptionGroup><GroupName>Rule Options</GroupName><Type>2</Type><Options><Flag>cbmacros</Flag><Type>154</Type><Description>Configuration Builder macro definitions to be added to the command line.</Description></Options><Options><Flag>cbtargets</Flag><Type>154</Type><Description>Configuration Builder target names to be added to the command line.</Description></Options><Options><Flag>-All</Flag><Type>152</Type><Description>Build all targets without comparing timestamps.</Description></Options><Options><Flag>-B</Flag><Type>154</Type><Description>Select a builtins file other than one of the default files, BUILTINS or BUILTINS.MAK.</Description></Options><Options><Flag>-Batch</Flag><Type>154</Type><Description>Create a custom batch file containing all of the operation lines from a build script.</Description></Options><Options><Flag>-Compile</Flag><Type>154</Type><Description>Create executable file from build script.</Description></Options><Options><Flag>-Debug</Flag><Type>152</Type><Description>Include debug output.</Description></Options><Options><Flag>-DebugOn</Flag><Type>154</Type><Description>Include a specific category of debug output.</Description></Options><Options><Flag>-DebugOff</Flag><Type>154</Type><Description>Exclude a specific category of debug output.</Description></Options><Options><Flag>-Diag</Flag><Type>154</Type><Description>Use a hexadecimal code to select a particular diagnostic function.</Description></Options><Options><Flag>-DirectAll</Flag><Type>154</Type><Description>Direct standard error and output to a file or device.</Description></Options><Options><Flag>-DirectErrors</Flag><Type>154</Type><Description>Direct standard error to a file or device.</Description></Options><Options><Flag>-DirectOutput</Flag><Type>154</Type><Description>Direct standard output to a file or device.</Description></Options><Options><Flag>-Emulate</Flag><Type>154</Type><Description>Switch between Builder, Microsoft Make, and Microsoft NMAKE emulation modes.</Description></Options><Options><Flag>-Ignore</Flag><Type>152</Type><Description>Continue build in spite of non-zero exit codes.</Description></Options><Options><Flag>-Include</Flag><Type>154</Type><Description>Read one or more command files for additional command-line parameters.</Description></Options><Options><Flag>-Init</Flag><Type>154</Type><Description>Specify alternative initialization file, or prevent Configuration Builder from reading any initialization file.</Description></Options><Options><Flag>-KeepWorking</Flag><Type>152</Type><Description>Continue build in spite of missing rules or non-zero exit codes.</Description></Options><Options><Flag>-Nmake</Flag><Type>152</Type><Description>Emulate Microsoft NMAKE.</Description></Options><Options><Flag>-NoEnvInherit</Flag><Type>152</Type><Description>Do not pass environment to child builds.</Description></Options><Options><Flag>-NoEnvMacros</Flag><Type>152</Type><Description>Do not make macros from environment variables.</Description></Options><Options><Flag>-NoExecute</Flag><Type>152</Type><Description>Display but do not execute operation lines.</Description></Options><Options><Flag>-NoLogo</Flag><Type>152</Type><Description>Suppress sign-on banner.</Description></Options><Options><Flag>-NoRedefine</Flag><Type>152</Type><Description>Prevent redefinition of environment variable macros.</Description></Options><Options><Flag>-NoSilent</Flag><Type>152</Type><Description>Override -Silent.</Description></Options><Options><Flag>-Quiet</Flag><Type>152</Type><Description>Suppress the sign-on banner, commands, and error messages.</Description></Options><Options><Flag>-Rebuild</Flag><Type>154</Type><Description>Rebuild, optionally based on a version label.</Description></Options><Options><Flag>-Redirect</Flag><Type>154</Type><Description>Redirect error output to a file, or to the screen (use - as the argument).</Description></Options><Options><Flag>-Reject</Flag><Type>152</Type><Description>Reject Config. Builder info from TOOLS.INI initialization file, internal rules, and builtins file.</Description></Options><Options><Flag>-RejectInternal</Flag><Type>152</Type><Description>Reject internal rule set.</Description></Options><Options><Flag>-RejectToolsIni</Flag><Type>152</Type><Description>Do not read TOOLS.INI or other initialization file.</Description></Options><Options><Flag>-Silent</Flag><Type>152</Type><Description>Do not echo operation lines.</Description></Options><Options><Flag>-Summary</Flag><Type>152</Type><Description>List all macro definitions, declarations, dependencies, and rules.</Description></Options><Options><Flag>-Touch</Flag><Type>152</Type><Description>Assign current timestamp to targets but do not rebuild them.</Description></Options><Options><Flag>-View</Flag><Type>152</Type><Description>Show conditional lines during execution.</Description></Options></OptionGroup></Rules></BuildType>