<?xml version="1.0"?>
<BuildType><Version>6.3</Version><OperatingSystem>AIX</OperatingSystem><Name>Oracle Cobol Executable</Name><Description>Creates a standard executable linked statically and dynamically with Oracle libraries.  For pre-compiling, it calls the Oracle proc program.  For C and C++, it executes the xlc compiler.  For COBOL programs, it uses the Microfocus COBOL compiler, cob.  For creating the executable, it uses the Microfocus COBOL compiler, cob, to link.</Description><FinalTargetExt>.noext</FinalTargetExt><BuildTasks><Name>Pre-Compile</Name><Description>C and COBOL source files are generated using the rpcgen and/or Oracle proc and procob compilers.  The generated source files are compiled by the Compile Build Task.</Description><OptionGroups><GroupName>Build Task Options</GroupName><Type>1</Type></OptionGroups></BuildTasks><BuildTasks><Name>Compile</Name><Description>The xlc program is used to compile the source code into object files.</Description><OptionGroups><GroupName>Build Task Options</GroupName><Type>1</Type></OptionGroups></BuildTasks><BuildTasks><Name>Link</Name><Description>The Microfocus cob program is used to link the objects into an executable.  The cob program is required to link when there is at least one cob compiled object.</Description><OptionGroups><GroupName>Build Task Options</GroupName><Type>1</Type></OptionGroups></BuildTasks><Rules><ParentBuildTask>Pre-Compile</ParentBuildTask><TargetExt>.c</TargetExt><SourceExts>.pc</SourceExts><NameFrom>.pc</NameFrom><CompilerName>Oracle Proc Compiler.sc</CompilerName><Makefile>AIX</Makefile><ToDir>Intermediate</ToDir><OptionGroup><GroupName>Rule Options</GroupName><Type>2</Type><Options><Flag>proc parse=none ireclen=132 mode=oracle sqlcheck=full maxopencursors=50 hold_cursor=YES release_cursor=NO $(BLD_OPTIONS_B)</Flag><Type>25</Type></Options><Options><Flag>proc</Flag><Type>153</Type><Description></Description></Options><Options><Flag>parse=none </Flag><Type>153</Type><Description></Description></Options><Options><Flag>ireclen=132</Flag><Type>153</Type><Description></Description></Options><Options><Flag>mode=oracle</Flag><Type>153</Type><Description></Description></Options><Options><Flag>sqlcheck=full</Flag><Type>153</Type><Description></Description></Options><Options><Flag>maxopencursors=50</Flag><Type>153</Type><Description></Description></Options><Options><Flag>hold_cursor=YES</Flag><Type>153</Type><Description></Description></Options><Options><Flag>release_cursor=NO</Flag><Type>153</Type><Description></Description></Options><Options><Flag>$(BLD_OPTIONS_B)</Flag><Type>153</Type><Description></Description></Options></OptionGroup></Rules><Rules><ParentBuildTask>Pre-Compile</ParentBuildTask><TargetExt>.c</TargetExt><SourceExts>.x</SourceExts><NameFrom>.x</NameFrom><CompilerName>Rpcgen Compiler.sc</CompilerName><Makefile>AIX</Makefile><ToDir>Intermediate</ToDir><OptionGroup><GroupName>Rule Options</GroupName><Type>2</Type><Options><Flag>$(BLD_OPTIONS_A)</Flag><Type>25</Type></Options></OptionGroup></Rules><Rules><ParentBuildTask>Pre-Compile</ParentBuildTask><TargetExt>.cob</TargetExt><SourceExts>.pco</SourceExts><NameFrom>.pco</NameFrom><CompilerName>Oracle Procob Compiler.sc</CompilerName><Makefile>AIX</Makefile><ToDir>Intermediate</ToDir><OptionGroup><GroupName>Rule Options</GroupName><Type>2</Type><Options><Flag>procob</Flag><Type>25</Type></Options><Options><Flag>ltype=none</Flag><Type>153</Type><Description></Description></Options><Options><Flag>mode=oracle</Flag><Type>153</Type><Description></Description></Options><Options><Flag>sqlcheck=full</Flag><Type>153</Type><Description></Description></Options><Options><Flag>maxopencursors=50</Flag><Type>153</Type><Description></Description></Options><Options><Flag>procob ltype=none mode=oracle sqlcheck=full maxopencursors=50 hold_cursor=YES release_cursor=NO ireclen=132 COMP5=yes $(BLD_OPTIONS_B)</Flag><Type>153</Type><Description></Description></Options></OptionGroup></Rules><Rules><ParentBuildTask>Pre-Compile</ParentBuildTask><TargetExt>.h</TargetExt><SourceExts>.x</SourceExts><NameFrom>.x</NameFrom><CompilerName>Rpcgen Compiler.sc</CompilerName><Makefile>AIX</Makefile><ToDir>Intermediate</ToDir><OptionGroup><GroupName>Rule Options</GroupName><Type>2</Type><Options><Flag>$(BLD_OPTIONS_A)</Flag><Type>25</Type></Options></OptionGroup></Rules><Rules><ParentBuildTask>Compile</ParentBuildTask><TargetExt>.int</TargetExt><SourceExts>.cob</SourceExts><NameFrom>.cob</NameFrom><CompilerName>Microfocus Cobol Compiler.sc</CompilerName><Makefile>AIX</Makefile><ToDir>Intermediate</ToDir><OptionGroup><GroupName>Rule Options</GroupName><Type>2</Type><Options><Flag>cob</Flag><Type>25</Type></Options><Options><Flag>-cvaxP</Flag><Type>25</Type></Options><Options><Flag>-C COMP-5=2</Flag><Type>25</Type></Options><Options><Flag>-C IBMCOMP</Flag><Type>25</Type></Options><Options><Flag>-C BOUND</Flag><Type>25</Type></Options><Options><Flag>-C SPZERO</Flag><Type>25</Type></Options><Options><Flag>-C COPYLIST</Flag><Type>25</Type></Options><Options><Flag>$(BLD_OPTIONS_A)</Flag><Type>25</Type></Options><Options><Flag>-g</Flag><Type>17</Type></Options></OptionGroup></Rules><Rules><ParentBuildTask>Compile</ParentBuildTask><TargetExt>.o</TargetExt><SourceExts>.c .h</SourceExts><NameFrom>.c</NameFrom><CompilerName>AIX C and Cpp Compiler.sc</CompilerName><Makefile>AIX</Makefile><ToDir>Intermediate</ToDir><OptionGroup><GroupName>Rule Options</GroupName><Type>2</Type><Options><Flag>xlc</Flag><Type>25</Type></Options><Options><Flag>-qcpluscmt</Flag><Type>25</Type></Options><Options><Flag>-qidirfirst</Flag><Type>25</Type></Options><Options><Flag>$(BLD_OPTIONS_A)</Flag><Type>25</Type></Options><Options><Flag>-g</Flag><Type>17</Type></Options></OptionGroup></Rules><Rules><ParentBuildTask>Compile</ParentBuildTask><TargetExt>.o</TargetExt><SourceExts>.cob</SourceExts><NameFrom>.cob</NameFrom><CompilerName>Microfocus Cobol Compiler.sc</CompilerName><Makefile>AIX</Makefile><ToDir>Intermediate</ToDir><OptionGroup><GroupName>Rule Options</GroupName><Type>2</Type><Options><Flag>cob</Flag><Type>25</Type></Options><Options><Flag>-cvaxP</Flag><Type>25</Type></Options><Options><Flag>-C COMP-5=2</Flag><Type>25</Type></Options><Options><Flag>-C IBMCOMP</Flag><Type>25</Type></Options><Options><Flag>-C BOUND</Flag><Type>25</Type></Options><Options><Flag>-C SPZERO</Flag><Type>25</Type></Options><Options><Flag>-C COPYLIST</Flag><Type>25</Type></Options><Options><Flag>$(BLD_OPTIONS_A)</Flag><Type>25</Type></Options><Options><Flag>-g</Flag><Type>17</Type></Options></OptionGroup></Rules><Rules><ParentBuildTask>Compile</ParentBuildTask><TargetExt>.o</TargetExt><SourceExts>.cpp .h</SourceExts><NameFrom>.cpp</NameFrom><CompilerName>AIX C and Cpp Compiler.sc</CompilerName><Makefile>AIX</Makefile><ToDir>Intermediate</ToDir><OptionGroup><GroupName>Rule Options</GroupName><Type>2</Type><Options><Flag>xlC</Flag><Type>25</Type></Options><Options><Flag>-qidirfirst</Flag><Type>25</Type></Options><Options><Flag>$(BLD_OPTIONS_A)</Flag><Type>25</Type></Options><Options><Flag>-g</Flag><Type>17</Type></Options></OptionGroup></Rules><Rules><ParentBuildTask>Link</ParentBuildTask><TargetExt>.noext</TargetExt><SourceExts>.a .o .so</SourceExts><NameFrom>Final Target</NameFrom><CompilerName>Microfocus Cobol Linker.sc</CompilerName><Makefile>AIX</Makefile><ToDir>Final Target</ToDir><OptionGroup><GroupName>Rule Options</GroupName><Type>2</Type><Options><Flag>cob</Flag><Type>25</Type></Options><Options><Flag>-C COMP5=2</Flag><Type>25</Type></Options><Options><Flag>-C IBMCOMP</Flag><Type>25</Type></Options><Options><Flag>-C ANIM</Flag><Type>25</Type></Options><Options><Flag>-C COPYLIST</Flag><Type>25</Type></Options><Options><Flag>-C ERRLIST</Flag><Type>25</Type></Options><Options><Flag>$(BLD_OPTIONS_C)</Flag><Type>25</Type></Options></OptionGroup></Rules></BuildType>