<?xml version="1.0"?>
<BuildType><Version>6.3</Version><OperatingSystem>AIX</OperatingSystem><Name>Oracle Form Library</Name><TaskType></TaskType><Description>The Oracle forms compiler, ifcmp60 on Windows and f60gen for other OS's, is used to create form libraries (.plx) from .pll files.</Description><FinalTargetExt>.plx</FinalTargetExt><BuildTasks><Name>Compile</Name><Description>The Oracle forms compiler, ifcmp60 on Windows and f60gen for other OS's, is used to create form libraries (.plx) from .pll files.</Description><OptionGroups><GroupName>Build Task Options</GroupName><Type>1</Type></OptionGroups></BuildTasks><Rules><ParentBuildTask>Compile</ParentBuildTask><TargetExt>.plx</TargetExt><SourceExts>.pll</SourceExts><NameFrom>Final Target</NameFrom><CompilerName>Oracle Forms Compiler.sc</CompilerName><Makefile>AIX</Makefile><ToDir>Final Target</ToDir><OptionGroup><GroupName>Rule Options</GroupName><Type>2</Type><Options><Flag>MODULE_TYPE=LIBRARY</Flag><Type>25</Type></Options><Options><Flag>STATISTICS=NO</Flag><Type>25</Type></Options><Options><Flag>BATCH=YES</Flag><Type>25</Type></Options><Options><Flag>Window_State=minimize</Flag><Type>25</Type></Options><Options><Flag>$(BLD_OPTIONS_B)</Flag><Type>25</Type></Options></OptionGroup></Rules></BuildType>