<?xml version="1.0"?>
<BuildType><Version>6.3</Version><OperatingSystem>AIX</OperatingSystem><Name>Request Router</Name><Description>An example of a customized Oracle C and C++ executable.  It uses xlc/xlC to compile source code and ld to link the objects into an executable.</Description><FinalTargetExt>.noext</FinalTargetExt><BuildTasks><Name>Pre-Compile</Name><Description>C source files are generated using the Oracle proc compiler.  The generated source files are compiled by the Compile Build Task.</Description><OptionGroups><GroupName>Build Task Options</GroupName><Type>1</Type></OptionGroups></BuildTasks><BuildTasks><Name>Compile</Name><Description>xlc is used to compile C programs and xlC is used for C++.</Description><OptionGroups><GroupName>Build Task Options</GroupName><Type>1</Type></OptionGroups></BuildTasks><BuildTasks><Name>Link</Name><Description>The ld program is used as the default C/C++ linker to create the final executable from the objects created in the Compile Build Task.</Description><OptionGroups><GroupName>Build Task Options</GroupName><Type>1</Type></OptionGroups></BuildTasks><Rules><ParentBuildTask>Pre-Compile</ParentBuildTask><TargetExt>.c</TargetExt><SourceExts>.pc</SourceExts><NameFrom>.pc</NameFrom><CompilerName>Oracle Proc Compiler.sc</CompilerName><Makefile>AIX</Makefile><ToDir>Intermediate</ToDir><OptionGroup><GroupName>Rule Options</GroupName><Type>2</Type><Options><Flag>proc</Flag><Type>153</Type><Description></Description></Options><Options><Flag>parse=none </Flag><Type>153</Type><Description></Description></Options><Options><Flag>ireclen=132</Flag><Type>153</Type><Description></Description></Options><Options><Flag>mode=oracle</Flag><Type>153</Type><Description></Description></Options><Options><Flag>sqlcheck=full</Flag><Type>153</Type><Description></Description></Options><Options><Flag>maxopencursors=50</Flag><Type>153</Type><Description></Description></Options><Options><Flag>hold_cursor=YES</Flag><Type>153</Type><Description></Description></Options><Options><Flag>release_cursor=NO</Flag><Type>153</Type><Description></Description></Options><Options><Flag>$(BLD_OPTIONS_B)</Flag><Type>153</Type><Description></Description></Options></OptionGroup></Rules><Rules><ParentBuildTask>Compile</ParentBuildTask><TargetExt>.o</TargetExt><SourceExts>.c</SourceExts><NameFrom>.c</NameFrom><CompilerName>AIX C and Cpp Compiler.sc</CompilerName><Makefile>AIX</Makefile><ToDir>Intermediate</ToDir><OptionGroup><GroupName>Rule Options</GroupName><Type>2</Type><Options><Flag>-g</Flag><Type>17</Type></Options><Options><Flag>xlc</Flag><Type>25</Type></Options><Options><Flag>-qlanglvl=extended</Flag><Type>25</Type></Options><Options><Flag>-qalign=packed</Flag><Type>25</Type></Options><Options><Flag>-qcpluscmt</Flag><Type>25</Type></Options><Options><Flag>$(BLD_OPTIONS_A)</Flag><Type>25</Type></Options></OptionGroup></Rules><Rules><ParentBuildTask>Compile</ParentBuildTask><TargetExt>.o</TargetExt><SourceExts>.cpp</SourceExts><NameFrom>.cpp</NameFrom><CompilerName>AIX C and Cpp Compiler.sc</CompilerName><Makefile>AIX</Makefile><ToDir>Intermediate</ToDir><OptionGroup><GroupName>Rule Options</GroupName><Type>2</Type><Options><Flag>-g</Flag><Type>17</Type></Options><Options><Flag>xlC</Flag><Type>25</Type></Options><Options><Flag>-qlanglvl=extended</Flag><Type>25</Type></Options><Options><Flag>-qalign=packed</Flag><Type>25</Type></Options><Options><Flag>-qcpluscmt</Flag><Type>25</Type></Options><Options><Flag>$(BLD_OPTIONS_A)</Flag><Type>25</Type></Options></OptionGroup></Rules><Rules><ParentBuildTask>Link</ParentBuildTask><TargetExt>.noext</TargetExt><SourceExts>.a .noext .o .so</SourceExts><NameFrom>Final Target</NameFrom><CompilerName>AIX C and Cpp Linker.sc</CompilerName><Makefile>AIX</Makefile><ToDir>Final Target</ToDir><OptionGroup><GroupName>Rule Options</GroupName><Type>2</Type><Options><Flag>$(BLD_OPTIONS_C)</Flag><Type>25</Type></Options></OptionGroup></Rules></BuildType>
