<?xml version="1.0" encoding="UTF-8"?>
<BuildType><Version>6.3</Version><OperatingSystem>Linux</OperatingSystem><Name>Informix Form Compiler</Name><TaskType></TaskType><Description>Final Results Extension: .frm

Creates an Informix form target from .per files using the form4gl compiler. There is only one task which compiles .per files into .frm files.</Description><FinalTargetExt>.frm</FinalTargetExt><BuildTasks><Name>Compile</Name><Description>The Compile Build Task converts C source code to .o object files by calling the gcc compiler.</Description><OptionGroups><GroupName>Build Task Options</GroupName><Type>1</Type></OptionGroups></BuildTasks><Rules><ParentBuildTask>Compile</ParentBuildTask><TargetExt>.frm</TargetExt><SourceExts>.per</SourceExts><NameFrom>Final Target</NameFrom><CompilerName>Informix Form Compiler.sc</CompilerName><Makefile>Linux</Makefile><ToDir>Final Target</ToDir><OptionGroup><GroupName>Rule Options</GroupName><Type>2</Type><Options><Flag>form4gl</Flag><Type>153</Type><Description></Description></Options></OptionGroup></Rules></BuildType>