<?xml version="1.0" encoding="UTF-8"?>
<BuildType><Version>6.3</Version><OperatingSystem>Linux</OperatingSystem><Name>Optio Compiler</Name><TaskType></TaskType><Description>Final Results Extension: .dco

Creates a .dco target from .fgl source files using the eiserver compiler. There is only one build task, Compile, which calls eiserver against the .fgl source to generate the .dco output file.</Description><FinalTargetExt>.dco</FinalTargetExt><BuildTasks><Name>Compile</Name><Description>The Compile Build Task converts C source code to .o object files by calling the gcc compiler.</Description><OptionGroups><GroupName>Build Task Options</GroupName><Type>1</Type></OptionGroups></BuildTasks><Rules><ParentBuildTask>Compile</ParentBuildTask><TargetExt>.dco</TargetExt><SourceExts>.fgl</SourceExts><NameFrom>Final Target</NameFrom><CompilerName>Optio Compiler.sc</CompilerName><Makefile>Linux</Makefile><ToDir>Final Target</ToDir><OptionGroup><GroupName>Rule Options</GroupName><Type>2</Type><Options><Flag>eiserver</Flag><Type>25</Type><Parameter></Parameter><Description></Description></Options></OptionGroup></Rules></BuildType>