<?xml version="1.0"?>
<BuildType><Version>6.3</Version><OperatingSystem>Linux</OperatingSystem><Name>Oracle PSQL</Name><TaskType></TaskType><Description>Compiles PL/SQL into an Oracle database.  A file with .sqo extension is created to represent a successfully compiled object on the file system.  The timestamp of the dependency .sql files will be checked against the .sqo file for incremental builds.  If the .sql file is later than the .sqo, then it will be recompiled and a new.sqo file created. 

sqlplus is used to compile the code.</Description><FinalTargetExt>.sqo</FinalTargetExt><BuildTasks><Name>Compile</Name><Description>sqlplus is used to compile the code.  The environment variables $USERID and $PASSWORD are expected to contain the logon information for sqlplus.  $ORACLE_SID should be set to indicate the datbase to compile into.</Description><OptionGroups><GroupName>Build Task Options</GroupName><Type>1</Type></OptionGroups></BuildTasks><Rules><ParentBuildTask>Compile</ParentBuildTask><TargetExt>.sqo</TargetExt><SourceExts>.sql</SourceExts><NameFrom>Final Target</NameFrom><CompilerName>Orapsql.sc</CompilerName><Makefile>Linux</Makefile><ToDir>Final Target</ToDir><OptionGroup><GroupName>Rule Options</GroupName><Type>2</Type><Options><Flag>$(BLD_OPTIONS_B)</Flag><Type>25</Type></Options></OptionGroup></Rules></BuildType>