<?xml version="1.0"?>
<BuildType><Version>6.3</Version><OperatingSystem>Linux</OperatingSystem><Name>Oracle ProC Executable</Name><Description>This creates an executable from source code by compiling the C code and linking to Oracle libraries.</Description><FinalTargetExt>.noext</FinalTargetExt><BuildTasks><Name>Pre-Compile</Name><Description>C source files are generated using the Oracle proc compilers.  The generated source files are compiled by the Compile Build Task.</Description><OptionGroups><GroupName>Build Task Options</GroupName><Type>1</Type></OptionGroups></BuildTasks><BuildTasks><Name>Compile</Name><Description>Rules in this Build Task perform compile actions by calling a specific compiler.</Description><OptionGroups><GroupName>Build Task Options</GroupName><Type>1</Type></OptionGroups></BuildTasks><BuildTasks><Name>Link</Name><Description>Rules in this Build Task perform link actions by calling a specific linker.</Description><OptionGroups><GroupName>Build Task Options</GroupName><Type>1</Type></OptionGroups></BuildTasks><Rules><ParentBuildTask>Pre-Compile</ParentBuildTask><TargetExt>.c</TargetExt><SourceExts>.pc</SourceExts><NameFrom>.pc</NameFrom><CompilerName>Oracle Proc Compiler.sc</CompilerName><Makefile>Linux</Makefile><ToDir>Intermediate</ToDir><OptionGroup><GroupName>Rule Options</GroupName><Type>2</Type><Options><Flag>proc parse=none ireclen=132 mode=oracle sqlcheck=full maxopencursors=50 hold_cursor=YES release_cursor=NO $(BLD_OPTIONS_B)</Flag><Type>25</Type></Options><Options><Flag>proc</Flag><Type>153</Type><Description></Description></Options><Options><Flag>parse=none </Flag><Type>153</Type><Description></Description></Options><Options><Flag>ireclen=132</Flag><Type>153</Type><Description></Description></Options><Options><Flag>mode=oracle</Flag><Type>153</Type><Description></Description></Options><Options><Flag>sqlcheck=full</Flag><Type>153</Type><Description></Description></Options><Options><Flag>maxopencursors=50</Flag><Type>153</Type><Description></Description></Options><Options><Flag>hold_cursor=YES</Flag><Type>153</Type><Description></Description></Options><Options><Flag>release_cursor=NO</Flag><Type>153</Type><Description></Description></Options><Options><Flag>$(BLD_OPTIONS_B)</Flag><Type>153</Type><Description></Description></Options></OptionGroup></Rules><Rules><ParentBuildTask>Compile</ParentBuildTask><TargetExt>.c</TargetExt><SourceExts>.pc</SourceExts><NameFrom>.pc</NameFrom><CompilerName>GNU gcc Compiler.sc</CompilerName><Makefile>Linux</Makefile><ToDir>Intermediate</ToDir><OptionGroup><GroupName>Rule Options</GroupName><Type>2</Type><Options><Flag>proc parse=none ireclen=132 mode=oracle sqlcheck=full maxopencursors=50 hold_cursor=YES release_cursor=NO include=$ORACLE_HOME/precomp/public $(BLD_OPTIONS_B)</Flag><Type>25</Type></Options></OptionGroup></Rules><Rules><ParentBuildTask>Compile</ParentBuildTask><TargetExt>.o</TargetExt><SourceExts>.c .h</SourceExts><NameFrom>.c</NameFrom><CompilerName>GNU gcc Compiler.sc</CompilerName><Makefile>Linux</Makefile><ToDir>Intermediate</ToDir><OptionGroup><GroupName>Rule Options</GroupName><Type>2</Type><Options><Flag>gcc</Flag><Type>25</Type></Options><Options><Flag>$(BLD_OPTIONS_A)</Flag><Type>25</Type></Options><Options><Flag>-g</Flag><Type>17</Type></Options></OptionGroup></Rules><Rules><ParentBuildTask>Compile</ParentBuildTask><TargetExt>.o</TargetExt><SourceExts>.cc .h</SourceExts><NameFrom>.cc</NameFrom><CompilerName>GNU gcc Compiler.sc</CompilerName><Makefile>Linux</Makefile><ToDir>Intermediate</ToDir><OptionGroup><GroupName>Rule Options</GroupName><Type>2</Type><Options><Flag>gcc</Flag><Type>25</Type></Options><Options><Flag>$(BLD_OPTIONS_A)</Flag><Type>25</Type></Options><Options><Flag>-g</Flag><Type>17</Type></Options></OptionGroup></Rules><Rules><ParentBuildTask>Compile</ParentBuildTask><TargetExt>.o</TargetExt><SourceExts>.cpp .h</SourceExts><NameFrom>.cpp</NameFrom><CompilerName>GNU gcc Compiler.sc</CompilerName><Makefile>Linux</Makefile><ToDir>Intermediate</ToDir><OptionGroup><GroupName>Rule Options</GroupName><Type>2</Type><Options><Flag>gcc</Flag><Type>25</Type></Options><Options><Flag>$(BLD_OPTIONS_A)</Flag><Type>25</Type></Options><Options><Flag>-g</Flag><Type>17</Type></Options></OptionGroup></Rules><Rules><ParentBuildTask>Compile</ParentBuildTask><TargetExt>.o</TargetExt><SourceExts>.cxx .h</SourceExts><NameFrom>.cxx</NameFrom><CompilerName>GNU gcc Compiler.sc</CompilerName><Makefile>Linux</Makefile><ToDir>Intermediate</ToDir><OptionGroup><GroupName>Rule Options</GroupName><Type>2</Type><Options><Flag>gcc</Flag><Type>25</Type></Options><Options><Flag>$(BLD_OPTIONS_A)</Flag><Type>25</Type></Options><Options><Flag>-g</Flag><Type>17</Type></Options></OptionGroup></Rules><Rules><ParentBuildTask>Link</ParentBuildTask><TargetExt>.noext</TargetExt><SourceExts>.a .aor .o .so</SourceExts><NameFrom>Final Target</NameFrom><CompilerName>GNU gcc Linker.sc</CompilerName><Makefile>Linux</Makefile><ToDir>Final Target</ToDir><OptionGroup><GroupName>Rule Options</GroupName><Type>2</Type><Options><Flag>gcc</Flag><Type>25</Type></Options><Options><Flag>-L$OPENWINHOME/lib</Flag><Type>25</Type></Options><Options><Flag>-L$MOTIFHOME/lib</Flag><Type>25</Type></Options><Options><Flag>-L/usr/lib</Flag><Type>25</Type></Options><Options><Flag>$(BLD_OPTIONS_C)</Flag><Type>25</Type></Options><Options><Flag>-g</Flag><Type>17</Type></Options></OptionGroup></Rules></BuildType>