<?xml version="1.0" encoding="UTF-8"?>
<BuildType><Version>6.3</Version><OperatingSystem>Java</OperatingSystem><Name>Adobe Flex MXMLC Compile</Name><Description>Final Results Extension: .swf</Description><FinalTargetExt>.swf</FinalTargetExt><BuildTasks><Name>MXMLC Compile</Name><OptionGroups><GroupName>Build Task Options</GroupName><Type>1</Type><Options><Flag>benchmark=</Flag><Type>31</Type><Parameter>&quot;true&quot;</Parameter><Description>Prints detailed compile times to the standard output.</Description></Options></OptionGroups></BuildTasks><Rules><ParentBuildTask>MXMLC Compile</ParentBuildTask><TargetExt>.swf</TargetExt><SourceExts>.mxml .swc</SourceExts><NameFrom>Final Target</NameFrom><CompilerName>Ant Flex MXMLC Task.sc</CompilerName><Makefile>Java</Makefile><ToDir>Final Target</ToDir><OptionGroup><GroupName>Rule Options</GroupName><Type>2</Type></OptionGroup></Rules></BuildType>