<?xml version="1.0" encoding="UTF-8"?>
<BuildType><Version>6.3</Version><OperatingSystem>Java</OperatingSystem><Name>Adobe Flex COMPC Compile</Name><Description>Final Results Extension: .swc</Description><FinalTargetExt>.swc</FinalTargetExt><BuildTasks><Name>COMPC Compile</Name><OptionGroups><GroupName>Build Task Options</GroupName><Type>1</Type><Options><Flag>benchmark=</Flag><Type>31</Type><Parameter>true</Parameter><Description>Prints detailed compile times to the standard output.</Description></Options></OptionGroups></BuildTasks><Rules><ParentBuildTask>COMPC Compile</ParentBuildTask><TargetExt>.swc</TargetExt><SourceExts>.properties .png .gif .as</SourceExts><NameFrom>Final Target</NameFrom><CompilerName>Ant Flex COMPC Task.sc</CompilerName><Makefile>Java</Makefile><ToDir>Final Target</ToDir><OptionGroup><GroupName>Rule Options</GroupName><Type>2</Type></OptionGroup></Rules></BuildType>