<?xml version="1.0" encoding="UTF-8"?>
<BuildType><Version>6.3</Version><OperatingSystem>Java</OperatingSystem><Name>Android APK Package</Name><Description>Final Results Extension: .apk</Description><FinalTargetExt>.apk</FinalTargetExt><BuildTasks><Name>Set Classpath</Name><OptionGroups><GroupName>Build Task Options</GroupName><Type>1</Type></OptionGroups></BuildTasks><BuildTasks><Name>Android Package Resources</Name><OptionGroups><GroupName>Build Task Options</GroupName><Type>1</Type></OptionGroups></BuildTasks><BuildTasks><Name>Android Dex Compile</Name><OptionGroups><GroupName>Build Task Options</GroupName><Type>1</Type></OptionGroups></BuildTasks><BuildTasks><Name>Android APK Package</Name><OptionGroups><GroupName>Build Task Options</GroupName><Type>1</Type></OptionGroups></BuildTasks><Rules><ParentBuildTask>Set Classpath</ParentBuildTask><TargetExt>.classpath</TargetExt><SourceExts>.jar</SourceExts><NameFrom>Final Target</NameFrom><CompilerName>Set Classpath.sc</CompilerName><Makefile>Java</Makefile><ToDir>Intermediate</ToDir><OptionGroup><GroupName>Rule Options</GroupName><Type>2</Type></OptionGroup></Rules><Rules><ParentBuildTask>Android Package Resources</ParentBuildTask><TargetExt>.ap_</TargetExt><SourceExts>.* .classpath .png .xml .txt .properties .PNG</SourceExts><NameFrom>Final Target</NameFrom><CompilerName>Ant Android Package Resources.sc</CompilerName><Makefile>Java</Makefile><ToDir>Final Target</ToDir><OptionGroup><GroupName>Rule Options</GroupName><Type>2</Type></OptionGroup></Rules><Rules><ParentBuildTask>Android Dex Compile</ParentBuildTask><TargetExt>.dex</TargetExt><SourceExts>.* .java .classpath .xml .png .properties .PNG .txt</SourceExts><NameFrom>Final Target</NameFrom><CompilerName>Ant Android Dex Compile.sc</CompilerName><Makefile>Java</Makefile><ToDir>Intermediate</ToDir><OptionGroup><GroupName>Rule Options</GroupName><Type>2</Type></OptionGroup></Rules><Rules><ParentBuildTask>Android APK Package</ParentBuildTask><TargetExt>.apk</TargetExt><SourceExts>.jar .* .xml .properties .dex .ap_</SourceExts><NameFrom>Final Target</NameFrom><CompilerName>Ant Android APK Package.sc</CompilerName><Makefile>Java</Makefile><ToDir>Final Target</ToDir><OptionGroup><GroupName>Rule Options</GroupName><Type>2</Type></OptionGroup></Rules></BuildType>