<?xml version="1.0" encoding="UTF-8"?>
<BuildType><OperatingSystem>Java</OperatingSystem><Name>Available Tasks Templates</Name><TaskType></TaskType><Description>This template includes all tasks that can be borrowed from other Build Services. It is not intended to be used as a Build Service itself.</Description><FinalTargetExt>.jar</FinalTargetExt><BuildTasks><Name>WebSphere EJBDeploy</Name><Description>Used to create a Jar file.  Use any combination of Java Tasks and Websphere Tasks that results in the creation of a .jar file.  For a simple Jar file, use the Tasks: 1. Set Classpath, and 2. Websphere EJBDeploy. Target File Extension:  .jar</Description><OptionGroups><GroupName>Build Task Options</GroupName><Type>1</Type></OptionGroups></BuildTasks><BuildTasks><Name>Netscape Signtool</Name><Description>Use the Netscape signtool to sign the jar file for use via an Applet.</Description><OptionGroups><GroupName>Build Task Options</GroupName><Type>1</Type></OptionGroups></BuildTasks><BuildTasks><Name>Filter Java Classes By Class</Name><Description>This task will filter java classes from being included into the .javac file that is used for creating a jar file.</Description><OptionGroups><GroupName>Build Task Options</GroupName><Type>1</Type></OptionGroups></BuildTasks><BuildTasks><Name>Ant Javac</Name><Description>Uses the Ant &quot;javac&quot; task to compile Java source code files. All dependencies added to this Build Task will be compiled using the compiler specified in the &quot;compiler&quot; Option parameter.</Description><OptionGroups><GroupName>Build Task Options</GroupName><Type>1</Type><Options><Flag>compiler=</Flag><Type>91</Type><Parameter>modern</Parameter><Description>Valid parameters are: modern, classic, jikes, gcj, sj, javac1.2, javac1.3 and javac1.4</Description></Options><Options><Flag>debug=</Flag><Type>82</Type><Parameter>true</Parameter><Description>If true, compile source with debug information.</Description></Options><Options><Flag>destdir=</Flag><Type>90</Type><Parameter></Parameter><Description>Indicates the directory, relative to the build directory, where the class files should be stored. If it is not used, the class files will be stored in the build directory.</Description></Options></OptionGroups></BuildTasks><BuildTasks><Name>Weblogic Ejbc Jar</Name><Description>Ant Task that ends with a .jar file that is specific to the weblogic enterprise java beans.</Description><OptionGroups><GroupName>Build Task Options</GroupName><Type>1</Type></OptionGroups></BuildTasks><BuildTasks><Name>Ant RMIC</Name><Description>Uses the Ant RMIC task to compile Remote Method Invocation classes. All dependencies added to this Build Task will be compiled using the compiler specified in the &quot;compiler&quot; Option parameter.</Description><OptionGroups><GroupName>Build Task Options</GroupName><Type>1</Type><Options><Flag>compiler=</Flag><Type>91</Type><Parameter>sun</Parameter><Description>Valid parametes are: sun, kaffe, and weblogic</Description></Options></OptionGroups></BuildTasks><BuildTasks><Name>Copy Package</Name><Description>Creates a .copypkg by coping java files from one package to another package.  The java files are updated to reflex the package name change as well as the directory name change.</Description><OptionGroups><GroupName>Build Task Options</GroupName><Type>1</Type></OptionGroups></BuildTasks><BuildTasks><Name>Visibroker IDL Java</Name><Description>Used to generate Java files from IDL files using the Visibroker IDL compiler. Order of use: 1. Use &quot;Set Classpath&quot; task to define the classpath. 2. Use the &quot;Visibroker  IDL&quot; and list the idl file dependencies. 3. Use the Java Compile Task and list the &quot;Visibroker IDL Java&quot; as a Task Dependency along with any other Java file dependencies. This Task will pass any Java files generated to the Java Compile Task in addition to any other Java files.</Description><OptionGroups><GroupName>Build Task Options</GroupName><Type>1</Type></OptionGroups></BuildTasks><BuildTasks><Name>IONA Orbix IDL</Name><Description>Used to generate Java files from IDL files using the Orbix IDL compiler. Order of use: 1. Use &quot;Set Classpath&quot; task to define the classpath. 2. Use the &quot;IONA Orbix IDL&quot; and list the idl file dependencies. 3. Use the Java Compile Task and list the &quot;IONA Orbix IDL&quot; as a Task Dependency along with any other Java file dependencies. This Task will pass any Java files generated to the Java Compile Task in addition to any other Java files. Dependency file extensions: .idl Task Output file extension:  .omidl Target file extension:  .java</Description><OptionGroups><GroupName>Build Task Options</GroupName><Type>1</Type></OptionGroups></BuildTasks><BuildTasks><Name>IDL Java</Name><Description>Used to generate Java files from IDL files using the JDK idlj compilerOrder of use: 1. Use &quot;Set Classpath&quot; task to define the classpath. 2. Use the &quot;IDLJ Task&quot; and list the idl file dependencies. 3. Use the Java Compile Task and list the &quot;IDLJ Task&quot; as a Task Dependency along with any other Java file dependencies. The IDLJ Task will pass any Java files generated by idlj to the Java Compile Task in addition to any other Java files. Dependency file extensions: .idl Task Output file extension:  .omidl Target file extension:  .java</Description><OptionGroups><GroupName>Build Task Options</GroupName><Type>1</Type></OptionGroups></BuildTasks><BuildTasks><Name>Change Java Package</Name><Description>Copies Java files from the Search Path to the build directory, modifying the line containing the Java by renaming the package name.  In addition the file hierarchy is adjusted accordingly. The output of this task is a .chgpkg file containing a list of the generated files relative to the build directory.  This list can then be passed on to another Task for compiling.</Description><OptionGroups><GroupName>Build Task Options</GroupName><Type>1</Type></OptionGroups></BuildTasks><BuildTasks><Name>Ant Update Properties In Jar</Name><Description>Selects .properties files for the specified configuration and/or deployment platform and updates a specified .jar, .war, or .ear file.  Used primarily when .properties files are tied to release environments (dev, UAT, prod) and platforms (NT and UNIX).  A likely scenario is that developers code on NT but the server runs under AIX.</Description><OptionGroups><GroupName>Build Task Options</GroupName><Type>1</Type></OptionGroups></BuildTasks><BuildTasks><Name>Ant War</Name><Description>All dependencies placed added at the Ant War Build Task level will end up at a root level in the final target .war file. The exception is the files defined as the parameters for the &quot;webxml&quot; and &quot;manifest&quot; options. These dependencies will be moved into the appropriate directories within the .war file.</Description><OptionGroups><GroupName>Build Task Options</GroupName><Type>1</Type><Options><Flag>compress=</Flag><Type>90</Type><Parameter>true</Parameter><Description>If true, compress the final target .war file.</Description></Options><Options><Flag>basedir=</Flag><Type>90</Type><Description>Indicates the directory from which to war the files. If it is not used, the files will be warred directly from the build directory.</Description></Options><Options><Flag>manifest=</Flag><Type>90</Type><Parameter></Parameter><Description>The name of the manifest file to use.</Description></Options><Options><Flag>webxml=</Flag><Type>91</Type><Parameter></Parameter><Description>The name of the deployment descriptor for the final target .war file. It is renamed web.xml and placed in the WEB-INF directory.</Description></Options></OptionGroups><OptionGroups><GroupName>Meta-Inf</GroupName><Type>1</Type><Description>The dependencies added to this Option Group will be placed in the META-INF directory in the final target .war file.</Description><Options><Flag>prefix=</Flag><Type>95</Type><Parameter>META-INF</Parameter><Description>Ant attribute used to push target the WEB-INF directory in the .war file.</Description></Options></OptionGroups><OptionGroups><GroupName>Web-Inf</GroupName><Type>1</Type><Description>The dependencies added to this Option Group will be placed in the WEB-INF directory in the final target .war file.</Description><Options><Flag>prefix=</Flag><Type>95</Type><Parameter>WEB-INF</Parameter><Description>Ant attribute used to push target the WEB-INF directory in the .war file.</Description></Options></OptionGroups><OptionGroups><GroupName>Web-Inf Classes</GroupName><Type>1</Type><Description>The dependencies added to this Option Group will be placed in the WEB-INF/classes directory in the final target .war file.</Description><Options><Flag>dir=</Flag><Type>90</Type><Description>Indicates the directory where the class files need to be pulled from. If it is not used, the classes will be pulled directly from the build directory.</Description></Options><Options><Flag>prefix=</Flag><Type>95</Type><Parameter>WEB-INF/classes</Parameter><Description>Ant attribute used to push target the WEB-INF/classes directory in the .war file.</Description></Options></OptionGroups><OptionGroups><GroupName>Web-Inf Lib</GroupName><Type>1</Type><Description>The dependencies added to this Option Group will be placed in the WEB-INF/lib directory in the final target .war file.</Description><Options><Flag>prefix=</Flag><Type>95</Type><Parameter>WEB-INF/lib</Parameter><Description>Ant attribute used to push target the WEB-INF directory in the .war file.</Description></Options></OptionGroups></BuildTasks><BuildTasks><Name>Ant Ear</Name><Description>All dependencies added to the Java Ear build task will be packaged up in the final target .ear file.</Description><OptionGroups><GroupName>Build Task Options</GroupName><Type>1</Type><Options><Flag>basedir</Flag><Type>90</Type><Description>Indicates the directory from which to jar the files. If it is not used, the files will be jarred directly from the build directory.</Description></Options><Options><Flag>compress=</Flag><Type>90</Type><Parameter>true</Parameter><Description>If true, compresses the final target .ear file. Defaults to true.</Description></Options><Options><Flag>appxml=</Flag><Type>91</Type><Parameter></Parameter><Description>Specifies the deployment descriptor. The deployment descriptor will be renamed by Ant to application.xml and be placed in the META-INF directory.</Description></Options><Options><Flag>manifest=</Flag><Type>90</Type><Parameter></Parameter><Description>The name of the manifest file to use.</Description></Options></OptionGroups><OptionGroups><GroupName>Meta-Inf</GroupName><Type>1</Type><Description>The dependencies added to this Option Group will be placed in the META-INF directory in the final target .war file.</Description><Options><Flag>dir=</Flag><Type>90</Type><Description>Indicates the directory from which to pull the META-INF files. If it is not used, the META-INF files will be pulled directly from the build directory.</Description></Options><Options><Flag>prefix=</Flag><Type>95</Type><Parameter>META-INF</Parameter><Description>Ant attribute used to push target the WEB-INF directory in the .war file.</Description></Options></OptionGroups></BuildTasks><BuildTasks><Name>SQLJ Precompile</Name><Description></Description><OptionGroups><GroupName>Build Task Options</GroupName><Type>1</Type></OptionGroups></BuildTasks><BuildTasks><Name>Ant Jar</Name><Description>All dependencies added to the Ant Jar Build Task will be included in the final target .jar file.</Description><OptionGroups><GroupName>Build Task Options</GroupName><Type>1</Type><Options><Flag>basedir=</Flag><Type>90</Type><Description>Indicates the directory from which to jar the files. If it is not used, the files will be jarred directly from the build directory.</Description></Options><Options><Flag>compress=</Flag><Type>90</Type><Parameter>true</Parameter><Description>If true, compress the JAR file. Defaults to true.</Description></Options><Options><Flag>manifest=</Flag><Type>90</Type><Description>The name of an existing manifest file to place in the JAR file. If not specified, Ant creates a manifest file indicating the version of Ant used.</Description></Options></OptionGroups><OptionGroups><GroupName>Compiled Classes</GroupName><Type>1</Type><Description>The dependencies added to this Option Group will be placed in the WEB-INF/classes directory in the final target .war file.</Description><Options><Flag>dir=</Flag><Type>90</Type><Description>Indicates the directory where the class files need to be pulled from. If it is not used, the classes will be pulled directly from the build directory.</Description></Options><Options><Flag>prefix=</Flag><Type>90</Type><Parameter></Parameter><Description>Ant attribute used to target a specified directory in the jar file.</Description></Options></OptionGroups></BuildTasks><BuildTasks><Name>Idooxoap WSDL Compile</Name><Description>Used to execute the Idooxoap web services compiler to generate Java files from a .wsdl file.</Description><OptionGroups><GroupName>Build Task Options</GroupName><Type>1</Type></OptionGroups></BuildTasks><BuildTasks><Name>Filter Java Classes By Package</Name><Description>This task will filter java package from being included into the .javac file that is used for creating a jar file.</Description><OptionGroups><GroupName>Build Task Options</GroupName><Type>1</Type></OptionGroups></BuildTasks><BuildTasks><Name>Set Classpath</Name><Description>Add dependencies to the Set Classpath Build Task that need to be included in the class path prior to compilation.</Description><OptionGroups><GroupName>Build Task Options</GroupName><Type>1</Type></OptionGroups></BuildTasks><BuildTasks><Name>Ant RMIC Jar</Name><Description>All dependencies added to the Ant RMIC Jar Build Task will be included in the final target .jar file. If these dependencies are derived from a subdirectory (e.g. an IDE project directory), you should set the basedir Option Parameter to that subdirectory. Ant uses the manifest Option to determine the file that will be the manifest.mf file. This file is renamed to &quot;manifest.mf&quot; within the .jar file.</Description><OptionGroups><GroupName>Build Task Options</GroupName><Type>1</Type><Options><Flag>basedir=</Flag><Type>90</Type><Description>Indicates the directory from which to jar the files. If it is not used, the files will be jarred directly from the build directory.</Description></Options><Options><Flag>compress=</Flag><Type>90</Type><Parameter>true</Parameter><Description>If true, compress the JAR file. Defaults to true.</Description></Options><Options><Flag>manifest=</Flag><Type>90</Type><Description>The name of an existing manifest file to place in the JAR file. If not specified, Ant creates a manifest file indicating the version of Ant used.</Description></Options></OptionGroups><OptionGroups><GroupName>Compiled Classes</GroupName><Type>1</Type><Description>The dependencies added to this Option Group will be placed in the directory specified by the prefix Option. If no prefix Option is set, the dependencies will be placed at the root level of the .jar file. If these dependencies are derived from a subdirectory (e.g. an IDE project directory), you should set the dir Option Parameter to that subdirectory.</Description><Options><Flag>dir=</Flag><Type>90</Type><Description>Indicates the directory where the class files need to be pulled from. If it is not used, the classes will be pulled directly from the build directory.</Description></Options><Options><Flag>prefix=</Flag><Type>90</Type><Parameter></Parameter><Description>Ant attribute used to target a specified directory in the jar file.</Description></Options></OptionGroups></BuildTasks><Rules><ParentBuildTask>WebSphere EJBDeploy</ParentBuildTask><TargetExt>.jar</TargetExt><SourceExts>.classpath .update .jar</SourceExts><NameFrom>Final Target</NameFrom><CompilerName>Ant EJBDeploy Task.sc</CompilerName><Makefile>Java</Makefile><ToDir>Final Target</ToDir><OptionGroup><GroupName>Rule Options</GroupName><Type>2</Type></OptionGroup></Rules><Rules><ParentBuildTask>Netscape Signtool</ParentBuildTask><TargetExt>.jar</TargetExt><SourceExts>.au .DAT .gif .htm .tgtdeps .html .idl .ini .jar .java .jor .jpeg .jpg .jup .mf .noext .packages .policy .properties .props .rmi .zip .class .ttf .javac .javadoc .chgpkg .soap</SourceExts><NameFrom>Final Target</NameFrom><CompilerName>Signtool.sc</CompilerName><Makefile>Java</Makefile><ToDir>Final Target</ToDir><OptionGroup><GroupName>Rule Options</GroupName><Type>2</Type></OptionGroup></Rules><Rules><ParentBuildTask>Filter Java Classes By Class</ParentBuildTask><TargetExt>.javac</TargetExt><SourceExts>.javac .java</SourceExts><NameFrom>Final Target</NameFrom><CompilerName>Filter Java Classes Task.sc</CompilerName><Makefile>Java</Makefile><ToDir>Intermediate</ToDir><OptionGroup><GroupName>Rule Options</GroupName><Type>2</Type><Options><Flag>BY_CLASS</Flag><Type>25</Type></Options></OptionGroup></Rules><Rules><ParentBuildTask>Ant Javac</ParentBuildTask><TargetExt>.javac</TargetExt><SourceExts>.java .jar .class .classpath .wsdljava .copypkg .javac .soap .sqljava .properties</SourceExts><NameFrom>Final Target</NameFrom><CompilerName>Ant Javac Task.sc</CompilerName><Makefile>Java</Makefile><ToDir>Intermediate</ToDir><OptionGroup><GroupName>Rule Options</GroupName><Type>2</Type></OptionGroup></Rules><Rules><ParentBuildTask>Weblogic Ejbc Jar</ParentBuildTask><TargetExt>.jar</TargetExt><SourceExts>.jar</SourceExts><NameFrom>Final Target</NameFrom><CompilerName>Ant Jar Task.sc</CompilerName><Makefile>Java</Makefile><ToDir>Final Target</ToDir><OptionGroup><GroupName>Rule Options</GroupName><Type>2</Type></OptionGroup></Rules><Rules><ParentBuildTask>Ant RMIC</ParentBuildTask><TargetExt>.rmic</TargetExt><SourceExts>.javac .java</SourceExts><NameFrom>Final Target</NameFrom><CompilerName>Ant Rmic Task.sc</CompilerName><Makefile>Java</Makefile><ToDir>Intermediate</ToDir><OptionGroup><GroupName>Rule Options</GroupName><Type>2</Type></OptionGroup></Rules><Rules><ParentBuildTask>Copy Package</ParentBuildTask><TargetExt>.copypkg</TargetExt><SourceExts>.java .wsdljava</SourceExts><NameFrom>Final Target</NameFrom><CompilerName>Change Java Package.sc</CompilerName><Makefile>Java</Makefile><ToDir>Intermediate</ToDir><OptionGroup><GroupName>Rule Options</GroupName><Type>2</Type></OptionGroup></Rules><Rules><ParentBuildTask>Visibroker IDL Java</ParentBuildTask><TargetExt>.omidl</TargetExt><SourceExts>.idl</SourceExts><NameFrom>Final Target</NameFrom><CompilerName>Idlj.sc</CompilerName><Makefile>Java</Makefile><ToDir>Intermediate</ToDir><OptionGroup><GroupName>Rule Options</GroupName><Type>2</Type><Options><Flag>idl2java</Flag><Type>25</Type></Options></OptionGroup></Rules><Rules><ParentBuildTask>IONA Orbix IDL</ParentBuildTask><TargetExt>.omidl</TargetExt><SourceExts>.idl</SourceExts><NameFrom>Final Target</NameFrom><CompilerName>Idlj.sc</CompilerName><Makefile>Java</Makefile><ToDir>Intermediate</ToDir><OptionGroup><GroupName>Rule Options</GroupName><Type>2</Type><Options><Flag>idlj</Flag><Type>25</Type></Options></OptionGroup></Rules><Rules><ParentBuildTask>IDL Java</ParentBuildTask><TargetExt>.omidl</TargetExt><SourceExts>.idl</SourceExts><NameFrom>Final Target</NameFrom><CompilerName>Idlj.sc</CompilerName><Makefile>Java</Makefile><ToDir>Intermediate</ToDir><OptionGroup><GroupName>Rule Options</GroupName><Type>2</Type><Options><Flag>-fall</Flag><Type>25</Type></Options></OptionGroup></Rules><Rules><ParentBuildTask>Change Java Package</ParentBuildTask><TargetExt>.chgpkg</TargetExt><SourceExts>.java .classpath .omidl .javac</SourceExts><NameFrom>Final Target</NameFrom><CompilerName>Change Java Package.sc</CompilerName><Makefile>Java</Makefile><ToDir>Intermediate</ToDir><OptionGroup><GroupName>Rule Options</GroupName><Type>2</Type></OptionGroup></Rules><Rules><ParentBuildTask>Ant Update Properties In Jar</ParentBuildTask><TargetExt>.update</TargetExt><SourceExts>.properties .jar .ear .war</SourceExts><NameFrom>Final Target</NameFrom><CompilerName>Ant Update Properties In Jar Task.sc</CompilerName><Makefile>Java</Makefile><ToDir>Final Target</ToDir><OptionGroup><GroupName>Rule Options</GroupName><Type>2</Type></OptionGroup></Rules><Rules><ParentBuildTask>Ant War</ParentBuildTask><TargetExt>.war</TargetExt><SourceExts>.javac .jar .class .xml .html .jsp .gif .jpg .jpeg .packages .properties .dtd .mf .MF .tld</SourceExts><NameFrom>Final Target</NameFrom><CompilerName>Ant War Task.sc</CompilerName><Makefile>Java</Makefile><ToDir>Final Target</ToDir><OptionGroup><GroupName>Rule Options</GroupName><Type>2</Type></OptionGroup></Rules><Rules><ParentBuildTask>Ant Ear</ParentBuildTask><TargetExt>.ear</TargetExt><SourceExts>.au .DAT .gif .htm .tgtdeps .html .idl .ini .jar .java .jor .jpeg .jpg .jup .mf .noext .packages .policy .properties .props .rmi .zip .class .ttf .javac .javadoc .chgpkg .soap</SourceExts><NameFrom>Final Target</NameFrom><CompilerName>Ant Jar Task.sc</CompilerName><Makefile>Java</Makefile><ToDir>Final Target</ToDir><OptionGroup><GroupName>Rule Options</GroupName><Type>2</Type></OptionGroup></Rules><Rules><ParentBuildTask>SQLJ Precompile</ParentBuildTask><TargetExt>.sqljava</TargetExt><SourceExts>.sqlj .classpath</SourceExts><NameFrom>Final Target</NameFrom><CompilerName>SQLJ PreCompile.sc</CompilerName><Makefile>Java</Makefile><ToDir>Final Target</ToDir><OptionGroup><GroupName>Rule Options</GroupName><Type>2</Type></OptionGroup></Rules><Rules><ParentBuildTask>Ant Jar</ParentBuildTask><TargetExt>.jar</TargetExt><SourceExts>.class .javac .rmic .* .jsp .policy .gif .html .jpg .jpeg .jar .ser .xml .xmi .properties .mf .MF .java .theme .au .DAT .htm .tgtdeps .idl .ini .jor .jup .noext .packages .omidl .tld</SourceExts><NameFrom>Final Target</NameFrom><CompilerName>Ant Jar Task.sc</CompilerName><Makefile>Java</Makefile><ToDir>Final Target</ToDir><OptionGroup><GroupName>Rule Options</GroupName><Type>2</Type></OptionGroup></Rules><Rules><ParentBuildTask>Idooxoap WSDL Compile</ParentBuildTask><TargetExt>.wsdljava</TargetExt><SourceExts>.wsdl .classpath</SourceExts><NameFrom>Final Target</NameFrom><CompilerName>Soap Service Compiler.sc</CompilerName><Makefile>Java</Makefile><ToDir>Intermediate</ToDir><OptionGroup><GroupName>Rule Options</GroupName><Type>2</Type></OptionGroup></Rules><Rules><ParentBuildTask>Filter Java Classes By Package</ParentBuildTask><TargetExt>.javac</TargetExt><SourceExts>.javac .java</SourceExts><NameFrom>Final Target</NameFrom><CompilerName>Filter Java Classes Task.sc</CompilerName><Makefile>Java</Makefile><ToDir>Intermediate</ToDir><OptionGroup><GroupName>Rule Options</GroupName><Type>2</Type></OptionGroup></Rules><Rules><ParentBuildTask>Set Classpath</ParentBuildTask><TargetExt>.classpath</TargetExt><SourceExts>.zip .jar .properties</SourceExts><NameFrom>Final Target</NameFrom><CompilerName>Set Classpath.sc</CompilerName><Makefile>Java</Makefile><ToDir>Final Target</ToDir><OptionGroup><GroupName>Rule Options</GroupName><Type>2</Type></OptionGroup></Rules><Rules><ParentBuildTask>Ant RMIC Jar</ParentBuildTask><TargetExt>.jar</TargetExt><SourceExts>.class .rmic .* .jsp .policy .gif .html .jpg .jpeg .jar .ser .xml .xmi .properties .mf .MF .java .theme .au .DAT .htm .tgtdeps .idl .ini .jor .jup .noext .packages</SourceExts><NameFrom>Final Target</NameFrom><CompilerName>Ant Jar Task.sc</CompilerName><Makefile>Java</Makefile><ToDir>Final Target</ToDir><OptionGroup><GroupName>Rule Options</GroupName><Type>2</Type></OptionGroup></Rules></BuildType>
