<?xml version="1.0"?>
<BuildType><Version>6.3</Version><OperatingSystem>Java</OperatingSystem><Name>Java Weblogic Servicegen Ear</Name><TaskType></TaskType><Description>Servicegen performs all Weblogic steps needed to assemble a Web Service. These steps include:
- Creating the Web Service deployment descriptor (web-services.xml). 
- Introspecting EJBs and Java classes and generating any needed non-built-in data type supporting components.
- Generating the client JAR file.
- Packaging all the pieces into a deployable EAR file.</Description><FinalTargetExt>.ear</FinalTargetExt><BuildTasks><Name>Set Classpath</Name><Description>Add dependencies to the Set Classpath Build Task that need to be included in the class path prior to compilation.</Description><OptionGroups><GroupName>Build Task Options</GroupName><Type>1</Type></OptionGroups></BuildTasks><BuildTasks><Name>Servicegen</Name><Description>supports elements belonging to the servicegen task. The destEar target is derived from the final target name.</Description><OptionGroups><GroupName>Build Task Options</GroupName><Type>1</Type><Options><Flag>warName=</Flag><Type>90</Type><Description></Description></Options><Options><Flag>keepGenerated=</Flag><Type>90</Type><Description></Description></Options><Options><Flag>overwrite=</Flag><Type>90</Type><Description></Description></Options><Options><Flag>contextURI=</Flag><Type>90</Type><Description></Description></Options></OptionGroups><OptionGroups><GroupName>service</GroupName><Type>1</Type><Description>Supports attributes belong to the service element. Add dependent ejb jar or class name to service option group. javaClassComponents attribute or ejbJar attribute will be automatically populated with dependency.</Description><Options><Flag>targetNamespace=</Flag><Type>90</Type><Description></Description></Options><Options><Flag>serviceName=</Flag><Type>90</Type><Description></Description></Options><Options><Flag>serviceURI=</Flag><Type>91</Type><Description></Description></Options><Options><Flag>generateTypes=</Flag><Type>90</Type><Description></Description></Options><Options><Flag>expandMethods=</Flag><Type>90</Type><Description></Description></Options><Options><Flag>ignoreAuthHeader=</Flag><Type>90</Type><Description></Description></Options><Options><Flag>includeEJBs=</Flag><Type>90</Type><Description></Description></Options><Options><Flag>excludeEJBs=</Flag><Type>90</Type><Description></Description></Options><Options><Flag>targetNamespace=</Flag><Type>91</Type><Description></Description></Options></OptionGroups></BuildTasks><Rules><ParentBuildTask>Set Classpath</ParentBuildTask><TargetExt>.classpath</TargetExt><SourceExts>.zip .jar .properties</SourceExts><NameFrom>Final Target</NameFrom><CompilerName>Set Classpath.sc</CompilerName><Makefile>Java</Makefile><ToDir>Final Target</ToDir><OptionGroup><GroupName>Rule Options</GroupName><Type>2</Type></OptionGroup></Rules><Rules><ParentBuildTask>Servicegen</ParentBuildTask><TargetExt>.ear</TargetExt><SourceExts>.jar .class .classpath</SourceExts><NameFrom>Final Target</NameFrom><CompilerName>Weblogic Servicegen Task.sc</CompilerName><Makefile>Java</Makefile><ToDir>Final Target</ToDir><OptionGroup><GroupName>Rule Options</GroupName><Type>2</Type></OptionGroup></Rules></BuildType>