<?xml version="1.0"?>
<BuildType><Version>6.3</Version><OperatingSystem>Java</OperatingSystem><Name>Java Weblogic EJB Compile</Name><TaskType></TaskType><Description>Prepares the compile by setting the Classpath.  The Classpath should include the library containing the EJB compiler, most likely weblogic.jar.  Uses Ant EJB Compile Task to compile EJB dependencies with the weblogic.ejbc compiler.</Description><FinalTargetExt>.jar</FinalTargetExt><BuildTasks><Name>Set Classpath</Name><Description>Add dependencies to the Set Classpath Build Task that need to be included in the Classpath prior to compilation including the EJB compiler container.</Description><OptionGroups><GroupName>Build Task Options</GroupName><Type>1</Type></OptionGroups></BuildTasks><BuildTasks><Name>Ant EJB Compile</Name><Description>Add EJB jar dependencies to the Ant EJB Compile Task that need to be compiled with the weblogic.ejbc compiler.</Description><OptionGroups><GroupName>Build Task Options</GroupName><Type>1</Type></OptionGroups></BuildTasks><Rules><ParentBuildTask>Set Classpath</ParentBuildTask><TargetExt>.classpath</TargetExt><SourceExts>.zip .jar .properties</SourceExts><NameFrom>Final Target</NameFrom><CompilerName>Set Classpath.sc</CompilerName><Makefile>Java</Makefile><ToDir>Final Target</ToDir><OptionGroup><GroupName>Rule Options</GroupName><Type>2</Type></OptionGroup></Rules><Rules><ParentBuildTask>Ant EJB Compile</ParentBuildTask><TargetExt>.jar</TargetExt><SourceExts>.classpath .jar</SourceExts><NameFrom>Final Target</NameFrom><CompilerName>Weblogic JSP Compile Task.sc</CompilerName><Makefile>Java</Makefile><ToDir>Final Target</ToDir><OptionGroup><GroupName>Rule Options</GroupName><Type>2</Type></OptionGroup></Rules></BuildType>