<?xml version="1.0"?>
<BuildType><Version>6.3</Version><OperatingSystem>Java</OperatingSystem><Name>Java WebSphere 5.1 WSEJBDeploy</Name><TaskType></TaskType><Description>Use this build type when developing with IBM Websphere Application Developer 5.1 to generate deployment code and classes.The dependency is the JAR built by the Openmake Eclipse Plugin-generated target files and the output file is the deployable JAR. The WAS_HOME environment variable MUST be set, e.g. WAS_HOME=C:\bin\WebSphere\AppServer</Description><FinalTargetExt>.jar</FinalTargetExt><BuildTasks><Name>Set Classpath</Name><Description>Add dependencies to the Set Classpath Build Task that are required to execute the wsejbdeploy task compile. Examples of required libraries include batch.jar, deployutils.jar, wsanttasks.jar, etc.</Description><OptionGroups><GroupName>Build Task Options</GroupName><Type>1</Type></OptionGroups></BuildTasks><BuildTasks><Name>WebSphere WSEJBDeploy</Name><Description>All WsEjbDeploy task attributes are supported, however inputJar, wasHome, workingDirectory, outputJar and classpath attributes will be defined dynamicall at build time based on Target Definition and Environment Variable settings.</Description><OptionGroups><GroupName>Build Task Options</GroupName><Type>1</Type><Options><Flag>codegen=</Flag><Type>90</Type><Parameter>&quot;false&quot;</Parameter><Description></Description></Options><Options><Flag>keepGenerated=</Flag><Type>90</Type><Parameter>&quot;true&quot;</Parameter><Description></Description></Options></OptionGroups></BuildTasks><Rules><ParentBuildTask>Set Classpath</ParentBuildTask><TargetExt>.classpath</TargetExt><SourceExts>.zip .jar .properties</SourceExts><NameFrom>Final Target</NameFrom><CompilerName>Set Classpath.sc</CompilerName><Makefile>Java</Makefile><ToDir>Final Target</ToDir><OptionGroup><GroupName>Rule Options</GroupName><Type>2</Type></OptionGroup></Rules><Rules><ParentBuildTask>WebSphere WSEJBDeploy</ParentBuildTask><TargetExt>.jar</TargetExt><SourceExts>.jar .classpath .update .classpath</SourceExts><NameFrom>Final Target</NameFrom><CompilerName>WebSphere 5.1 WSEJBDeploy.sc</CompilerName><Makefile>Java</Makefile><ToDir>Final Target</ToDir><OptionGroup><GroupName>Rule Options</GroupName><Type>2</Type></OptionGroup></Rules></BuildType>