<?xml version="1.0"?>
<BuildType><Version>6.3</Version><OperatingSystem>Java</OperatingSystem><Name>Java Zip</Name><TaskType></TaskType><Description>Builds a .zip file. It uses the Ant Zip Build Tasks to package up all of the dependencies that need to be included in the final target .zip file.</Description><FinalTargetExt>.zip</FinalTargetExt><BuildTasks><Name>Ant Zip</Name><Description>All dependencies added to the Ant Zip Build Task will be included in the final target .zip file.

If these dependencies are derived from a subdirectory (e.g. an IDE project directory), you should set the basedir Option Parameter to that subdirectory.</Description><OptionGroups><GroupName>Build Task Options</GroupName><Type>1</Type><Options><Flag>basedir=</Flag><Type>90</Type><Description>Indicates the directory from which to jar the files. If it is not used, the files will be jarred directly from the build directory.</Description></Options><Options><Flag>compress=</Flag><Type>90</Type><Parameter>true</Parameter><Description>If true, compress the JAR file. Defaults to true.</Description></Options><Options><Flag>manifest=</Flag><Type>90</Type><Description>The name of an existing manifest file to place in the JAR file. If not specified, Ant creates a manifest file indicating the version of Ant used.</Description></Options></OptionGroups></BuildTasks><Rules><ParentBuildTask>Ant Zip</ParentBuildTask><TargetExt>.zip</TargetExt><SourceExts>.class .css .javac .rmic .* .jsp .policy .gif .htm .html .jpg .jpeg .jar .jsp .ser .xml .xmi .mapxmi .tblxmi .schxmi .dbxmi .properties .mf .MF .java .theme .au .DAT .tgtdeps .idl .ini .jor .jup .noext .packages</SourceExts><NameFrom>Final Target</NameFrom><CompilerName>Ant Zip Task.sc</CompilerName><Makefile>Java</Makefile><ToDir>Final Target</ToDir><OptionGroup><GroupName>Rule Options</GroupName><Type>2</Type></OptionGroup></Rules></BuildType>
