<?xml version="1.0"?>
<BuildType><Version>6.3</Version><OperatingSystem>Java</OperatingSystem><Name>Java Weblogic APPC Compile</Name><TaskType></TaskType><Description>Prepares the compile by setting the Classpath.  The Classpath should include the library containing the APPC compiler, most likely weblogic.jar.  Uses Ant APPC Compile Task to compile APPC dependencies with the weblogic.appc compiler.</Description><FinalTargetExt>.jar</FinalTargetExt><BuildTasks><Name>Set Classpath</Name><Description>Add dependencies to the Set Classpath Build Task that need to be included in the Classpath prior to compilation including the APPC compiler container.</Description><OptionGroups><GroupName>Build Task Options</GroupName><Type>1</Type></OptionGroups></BuildTasks><BuildTasks><Name>Ant APPC Compile</Name><Description>Add EJB jar dependencies to the Ant APPC Compile Task that need to be compiled with the weblogic.appc compiler.</Description><OptionGroups><GroupName>Build Task Options</GroupName><Type>1</Type></OptionGroups></BuildTasks><Rules><ParentBuildTask>Set Classpath</ParentBuildTask><TargetExt>.classpath</TargetExt><SourceExts>.zip .jar .properties</SourceExts><NameFrom>Final Target</NameFrom><CompilerName>Set Classpath.sc</CompilerName><Makefile>Java</Makefile><ToDir>Final Target</ToDir><OptionGroup><GroupName>Rule Options</GroupName><Type>2</Type></OptionGroup></Rules><Rules><ParentBuildTask>Ant APPC Compile</ParentBuildTask><TargetExt>.jar</TargetExt><SourceExts>.classpath .jar</SourceExts><NameFrom>Final Target</NameFrom><CompilerName>Weblogic JSP Compile Task.sc</CompilerName><Makefile>Java</Makefile><ToDir>Final Target</ToDir><OptionGroup><GroupName>Rule Options</GroupName><Type>2</Type></OptionGroup></Rules></BuildType>