<?xml version="1.0" encoding="UTF-8"?>
<BuildType><Version>6.3</Version><OperatingSystem>Java</OperatingSystem><Name>Java Weblogic Workspace War</Name><Description>Final Results Extension: .jar

Final Results Extension: .jar Creates a jar file from a Weblogic Workspace.</Description><FinalTargetExt>.war</FinalTargetExt><BuildTasks><Name>Compile</Name><OptionGroups><GroupName>Build Task Options</GroupName><Type>1</Type><Options><Flag>-Dwl.home2=$(WL_HOME)</Flag><Type>25</Type><Parameter></Parameter><Description></Description></Options><Options><Flag>-Dwl.home=$(WL_HOME)</Flag><Type>25</Type><Parameter></Parameter><Description></Description></Options><Options><Flag>-Dworkshop.home=$(WL_HOME)</Flag><Type>25</Type><Parameter></Parameter><Description></Description></Options></OptionGroups></BuildTasks><Rules><ParentBuildTask>Compile</ParentBuildTask><TargetExt>.war</TargetExt><SourceExts>.ear .antbuild .jar .xml .war</SourceExts><NameFrom>Final Target</NameFrom><CompilerName>Weblogic Workspace.sc</CompilerName><Makefile>Java</Makefile><ToDir>Final Target</ToDir><OptionGroup><GroupName>Rule Options</GroupName><Type>2</Type></OptionGroup></Rules></BuildType>