<?xml version="1.0"?>
<BuildType><Version>6.3</Version><OperatingSystem>Java</OperatingSystem><Name>Java WebSphere EJBDeploy</Name><TaskType>Master</TaskType><Description></Description><FinalTargetExt>.jar</FinalTargetExt><BuildTasks><Name>WebSphere EJBDeploy</Name><Description></Description><OptionGroups><GroupName>Build Task Options</GroupName><Type>1</Type></OptionGroups></BuildTasks><Rules><ParentBuildTask>WebSphere EJBDeploy</ParentBuildTask><TargetExt>.jar</TargetExt><SourceExts>.classpath .update .jar</SourceExts><NameFrom>Final Target</NameFrom><CompilerName>WebSphere EJBDeploy Task.sc</CompilerName><Makefile>Java</Makefile><ToDir>Final Target</ToDir><OptionGroup><GroupName>Rule Options</GroupName><Type>2</Type></OptionGroup></Rules></BuildType>