<?xml version="1.0"?>
<BuildType><Version>6.3</Version><OperatingSystem>Java</OperatingSystem><Name>MD5 Checksum</Name><TaskType></TaskType><Description>Creates a Target file with a .md5 extension that contains the MD5 checksum information of the dependent file.  The checksum value is also outputted to the build log. This value is useful in determining if a Target built as expected.</Description><FinalTargetExt>.md5</FinalTargetExt><BuildTasks><Name>Compute Checksum</Name><Description>Computes the MD5 checksum of a dependent file using Perl's Digest MD5 Checksum functionality.</Description><OptionGroups><GroupName>Build Task Options</GroupName><Type>1</Type></OptionGroups></BuildTasks><Rules><ParentBuildTask>Compute Checksum</ParentBuildTask><TargetExt>.md5</TargetExt><SourceExts>.ear .war .jar</SourceExts><NameFrom>Final Target</NameFrom><CompilerName>MD5 Checksum.sc</CompilerName><Makefile>Java</Makefile><ToDir>Final Target</ToDir><OptionGroup><GroupName>Rule Options</GroupName><Type>2</Type></OptionGroup></Rules></BuildType>